query_id,match_id,contact_score
tr|A0A1E3M7L2|A0A1E3M7L2_ACIBA,tr|A0A1E3M9E0|A0A1E3M9E0_ACIBA,0.998046875
tr|A0A1E3M924|A0A1E3M924_ACIBA,tr|A0A1E3M902|A0A1E3M902_ACIBA,0.99755859375
tr|A0A0H4UXK8|A0A0H4UXK8_ACIBA,tr|A0A1E3M902|A0A1E3M902_ACIBA,0.99658203125
tr|A0A0H4UXK8|A0A0H4UXK8_ACIBA,tr|V5VDT3|V5VDT3_ACIBA,0.99609375
tr|A0A1E3M924|A0A1E3M924_ACIBA,tr|V5VDT3|V5VDT3_ACIBA,0.9951171875
tr|A0A1E3M1Z1|A0A1E3M1Z1_ACIBA,tr|A0A1E3M659|A0A1E3M659_ACIBA,0.9921875
tr|A0A0X3QXR9|A0A0X3QXR9_ACIBA,tr|V5VFW1|V5VFW1_ACIBA,0.990234375
tr|A0A0D5YK69|A0A0D5YK69_ACIBA,tr|A0A1A1SVI5|A0A1A1SVI5_ACIBA,0.98974609375
tr|A0A1E3M495|A0A1E3M495_ACIBA,tr|A0A1E3M1Z1|A0A1E3M1Z1_ACIBA,0.9892578125
tr|A0A1E3M404|A0A1E3M404_ACIBA,tr|A0A090C180|A0A090C180_ACIBA,0.98876953125
tr|V5VB91|V5VB91_ACIBA,tr|A0A1E3M404|A0A1E3M404_ACIBA,0.98828125
tr|A0A1E3M404|A0A1E3M404_ACIBA,tr|A0A1E3M659|A0A1E3M659_ACIBA,0.98779296875
tr|A0A1E3M404|A0A1E3M404_ACIBA,tr|A0A1E3M4A4|A0A1E3M4A4_ACIBA,0.9873046875
tr|A0A1E3M495|A0A1E3M495_ACIBA,tr|A0A1E3M404|A0A1E3M404_ACIBA,0.98681640625
tr|V5V9I8|V5V9I8_ACIBA,tr|A0A5P1UF67|A0A5P1UF67_ACIBA,0.98681640625
tr|V5V9I6|V5V9I6_ACIBA,tr|V5V9N0|V5V9N0_ACIBA,0.986328125
tr|A0A090C180|A0A090C180_ACIBA,tr|A0A1E3M1Z1|A0A1E3M1Z1_ACIBA,0.986328125
tr|V5VGN6|V5VGN6_ACIBA,tr|V5V957|V5V957_ACIBA,0.986328125
tr|A0A1E3M4A4|A0A1E3M4A4_ACIBA,tr|A0A1E3M1Z1|A0A1E3M1Z1_ACIBA,0.986328125
tr|V5VF95|V5VF95_ACIBA,tr|V5VGE8|V5VGE8_ACIBA,0.9853515625
tr|V5VFW1|V5VFW1_ACIBA,tr|V5V9Q2|V5V9Q2_ACIBA,0.98486328125
tr|V5VB91|V5VB91_ACIBA,tr|A0A1E3M1Z1|A0A1E3M1Z1_ACIBA,0.98193359375
tr|V5VCB4|V5VCB4_ACIBA,tr|V5VC14|V5VC14_ACIBA,0.9794921875
tr|V5V9P8|V5V9P8_ACIBA,tr|V5VHJ5|V5VHJ5_ACIBA,0.9775390625
tr|A0A1E3MBE7|A0A1E3MBE7_ACIBA,tr|V5VA62|V5VA62_ACIBA,0.9765625
tr|A0A1E3M5P3|A0A1E3M5P3_ACIBA,tr|A0A1E3M5N6|A0A1E3M5N6_ACIBA,0.9765625
tr|V5VB30|V5VB30_ACIBA,tr|V5V9I1|V5V9I1_ACIBA,0.97607421875
tr|V5V957|V5V957_ACIBA,tr|V5V9M5|V5V9M5_ACIBA,0.9755859375
tr|V5VAK6|V5VAK6_ACIBA,tr|A0A086I1Y6|A0A086I1Y6_ACIBA,0.9755859375
tr|V5VHK1|V5VHK1_ACIBA,tr|V5VEU7|V5VEU7_ACIBA,0.974609375
tr|V5V9M8|V5V9M8_ACIBA,tr|V5V9B5|V5V9B5_ACIBA,0.9736328125
tr|V5VEU7|V5VEU7_ACIBA,tr|V5VHT4|V5VHT4_ACIBA,0.97314453125
tr|A0A1E3M924|A0A1E3M924_ACIBA,tr|V5VCF7|V5VCF7_ACIBA,0.970703125
tr|A0A1E3M6E5|A0A1E3M6E5_ACIBA,tr|A0A1E3M533|A0A1E3M533_ACIBA,0.97021484375
tr|V5VHM9|V5VHM9_ACIBA,tr|V5VB35|V5VB35_ACIBA,0.9697265625
tr|V5VGC9|V5VGC9_ACIBA,tr|V5VAG5|V5VAG5_ACIBA,0.9697265625
tr|A0A059ZND2|A0A059ZND2_ACIBA,tr|A0A081H230|A0A081H230_ACIBA,0.96923828125
tr|V5V952|V5V952_ACIBA,tr|V5VB46|V5VB46_ACIBA,0.9658203125
tr|V5VD32|V5VD32_ACIBA,tr|V5VCB4|V5VCB4_ACIBA,0.962890625
tr|V5VDL1|V5VDL1_ACIBA,tr|V5VBC2|V5VBC2_ACIBA,0.9619140625
tr|A0A1E3M495|A0A1E3M495_ACIBA,tr|A0A059ZLC4|A0A059ZLC4_ACIBA,0.95947265625
tr|V5V9P9|V5V9P9_ACIBA,tr|V5VGC9|V5VGC9_ACIBA,0.958984375
tr|V5VHQ9|V5VHQ9_ACIBA,tr|V5VC71|V5VC71_ACIBA,0.95703125
tr|V5VHI9|V5VHI9_ACIBA,tr|G1C6Z8|G1C6Z8_ACIBA,0.95703125
tr|A0A1E3M659|A0A1E3M659_ACIBA,tr|A0A059ZLC4|A0A059ZLC4_ACIBA,0.95458984375
tr|V5VHJ1|V5VHJ1_ACIBA,tr|A0A1E3M898|A0A1E3M898_ACIBA,0.95458984375
tr|V5VC14|V5VC14_ACIBA,tr|V5VBV1|V5VBV1_ACIBA,0.95361328125
tr|V5V9N8|V5V9N8_ACIBA,tr|V5V9B5|V5V9B5_ACIBA,0.95166015625
tr|V5VHI9|V5VHI9_ACIBA,tr|G1C6X4|G1C6X4_ACIBA,0.951171875
tr|V5VIJ9|V5VIJ9_ACIBA,tr|A0A1E3MBC3|A0A1E3MBC3_ACIBA,0.95068359375
tr|V5V940|V5V940_ACIBA,tr|V5V9I6|V5V9I6_ACIBA,0.95068359375
tr|V5V940|V5V940_ACIBA,tr|V5V9N0|V5V9N0_ACIBA,0.94580078125
tr|V5VCX9|V5VCX9_ACIBA,tr|G1C6X4|G1C6X4_ACIBA,0.9443359375
tr|A0A1A5UJ33|A0A1A5UJ33_ACIBA,tr|V5VIG4|V5VIG4_ACIBA,0.94384765625
tr|V5VGI6|V5VGI6_ACIBA,tr|V5VHU3|V5VHU3_ACIBA,0.94189453125
tr|A0A077GN97|A0A077GN97_ACIBA,tr|A0A0G4QSW7|A0A0G4QSW7_ACIBA,0.94140625
tr|A0A0D7T2Y0|A0A0D7T2Y0_ACIBA,tr|V5VDM2|V5VDM2_ACIBA,0.939453125
tr|A0A1E3M4A4|A0A1E3M4A4_ACIBA,tr|A0A059ZLC4|A0A059ZLC4_ACIBA,0.9345703125
tr|A0A0G4QSW7|A0A0G4QSW7_ACIBA,tr|A0A1E3M5S4|A0A1E3M5S4_ACIBA,0.93408203125
tr|V5V9Y3|V5V9Y3_ACIBA,tr|A0A059ZHD8|A0A059ZHD8_ACIBA,0.931640625
tr|V5VG19|V5VG19_ACIBA,tr|A0A0D5YLM2|A0A0D5YLM2_ACIBA,0.93115234375
tr|A0A0D5YLM2|A0A0D5YLM2_ACIBA,tr|V5VIQ3|V5VIQ3_ACIBA,0.9306640625
tr|A0A0G4QSW7|A0A0G4QSW7_ACIBA,tr|V5VFI2|V5VFI2_ACIBA,0.9306640625
tr|V5VGK1|V5VGK1_ACIBA,tr|V5VIH3|V5VIH3_ACIBA,0.93017578125
tr|A0A098SM27|A0A098SM27_ACIBA,tr|A0A1E3M5Y0|A0A1E3M5Y0_ACIBA,0.9296875
tr|A0A0X3QXR9|A0A0X3QXR9_ACIBA,tr|V5V9Q2|V5V9Q2_ACIBA,0.9287109375
tr|A0A098SM27|A0A098SM27_ACIBA,tr|A0A1E3M5S4|A0A1E3M5S4_ACIBA,0.9287109375
tr|A0A1E3M5Y0|A0A1E3M5Y0_ACIBA,tr|A0A0G4QSW7|A0A0G4QSW7_ACIBA,0.927734375
tr|A0A098SM27|A0A098SM27_ACIBA,tr|A0A077GN97|A0A077GN97_ACIBA,0.92724609375
tr|A0A098SM27|A0A098SM27_ACIBA,tr|V5VFI2|V5VFI2_ACIBA,0.9267578125
tr|A0A077GUA2|A0A077GUA2_ACIBA,tr|A0A077GW93|A0A077GW93_ACIBA,0.9267578125
tr|V5VBA5|V5VBA5_ACIBA,tr|V5VG47|V5VG47_ACIBA,0.9267578125
tr|A0A1E3MA15|A0A1E3MA15_ACIBA,tr|A0A1E3MA06|A0A1E3MA06_ACIBA,0.92626953125
tr|V5VG19|V5VG19_ACIBA,tr|V5VG26|V5VG26_ACIBA,0.9248046875
tr|V5VCN3|V5VCN3_ACIBA,tr|A0A5P1UPU3|A0A5P1UPU3_ACIBA,0.92431640625
tr|V5VD32|V5VD32_ACIBA,tr|V5VBV1|V5VBV1_ACIBA,0.923828125
tr|V5VDC6|V5VDC6_ACIBA,tr|V5VBZ8|V5VBZ8_ACIBA,0.923828125
tr|V5VB46|V5VB46_ACIBA,tr|V5V961|V5V961_ACIBA,0.9228515625
tr|A0A1E3M9E0|A0A1E3M9E0_ACIBA,tr|A0A1E3M7K4|A0A1E3M7K4_ACIBA,0.921875
tr|A0A059ZPB6|A0A059ZPB6_ACIBA,tr|V5VG19|V5VG19_ACIBA,0.92041015625
tr|A0A1E3MAZ9|A0A1E3MAZ9_ACIBA,tr|V5V989|V5V989_ACIBA,0.91943359375
tr|A0A059ZV46|A0A059ZV46_ACIBA,tr|A0A1E3M7X4|A0A1E3M7X4_ACIBA,0.91943359375
tr|V5VE65|V5VE65_ACIBA,tr|A0A077GN97|A0A077GN97_ACIBA,0.91845703125
tr|V5VDU6|V5VDU6_ACIBA,tr|V5VDL9|V5VDL9_ACIBA,0.91748046875
tr|A0A0G4QSW7|A0A0G4QSW7_ACIBA,tr|A0A1E3M5Z6|A0A1E3M5Z6_ACIBA,0.91455078125
tr|V5V944|V5V944_ACIBA,tr|V5VB52|V5VB52_ACIBA,0.9140625
tr|A0A059ZNX5|A0A059ZNX5_ACIBA,tr|V5V9B2|V5V9B2_ACIBA,0.91357421875
tr|V5V9P7|V5V9P7_ACIBA,tr|A0A059ZGZ2|A0A059ZGZ2_ACIBA,0.91162109375
tr|V5VE65|V5VE65_ACIBA,tr|V5VFI2|V5VFI2_ACIBA,0.91162109375
tr|V5VCN4|V5VCN4_ACIBA,tr|V5VB41|V5VB41_ACIBA,0.908203125
tr|V5VHU3|V5VHU3_ACIBA,tr|V5VG25|V5VG25_ACIBA,0.90771484375
tr|A0A090C180|A0A090C180_ACIBA,tr|A0A059ZLC4|A0A059ZLC4_ACIBA,0.90771484375
tr|V5VGI6|V5VGI6_ACIBA,tr|V5VG26|V5VG26_ACIBA,0.9072265625
tr|V5VG36|V5VG36_ACIBA,tr|V5VG32|V5VG32_ACIBA,0.90625
tr|A0A0D5YHQ6|A0A0D5YHQ6_ACIBA,tr|V5VC03|V5VC03_ACIBA,0.90576171875
tr|A0A1E3M5Z6|A0A1E3M5Z6_ACIBA,tr|A0A098SM27|A0A098SM27_ACIBA,0.9052734375
tr|V5VD32|V5VD32_ACIBA,tr|V5VBR0|V5VBR0_ACIBA,0.90478515625
tr|V5VE65|V5VE65_ACIBA,tr|A0A1E3M5S4|A0A1E3M5S4_ACIBA,0.904296875
tr|V5VBC5|V5VBC5_ACIBA,tr|V5VH86|V5VH86_ACIBA,0.90380859375
tr|V5VDA7|V5VDA7_ACIBA,tr|V5VE65|V5VE65_ACIBA,0.90185546875
tr|V5V9J7|V5V9J7_ACIBA,tr|V5VD51|V5VD51_ACIBA,0.9013671875
tr|V5VE65|V5VE65_ACIBA,tr|A0A1E3M5Y0|A0A1E3M5Y0_ACIBA,0.900390625
tr|V5VAY8|V5VAY8_ACIBA,tr|V5VE65|V5VE65_ACIBA,0.8984375
tr|V5VH86|V5VH86_ACIBA,tr|A0A1E3M4V1|A0A1E3M4V1_ACIBA,0.8984375
tr|A0A086HZU3|A0A086HZU3_ACIBA,tr|V5V9F4|V5V9F4_ACIBA,0.8974609375
tr|V5VBL5|V5VBL5_ACIBA,tr|V5VFI2|V5VFI2_ACIBA,0.89697265625
tr|A0A059ZV46|A0A059ZV46_ACIBA,tr|A0A1E3M630|A0A1E3M630_ACIBA,0.89697265625
tr|V5V9P8|V5V9P8_ACIBA,tr|A0A059ZGU8|A0A059ZGU8_ACIBA,0.89697265625
tr|V5VB41|V5VB41_ACIBA,tr|A0A059ZM74|A0A059ZM74_ACIBA,0.89599609375
tr|A0A5P1UNA0|A0A5P1UNA0_ACIBA,tr|A0A1E3M630|A0A1E3M630_ACIBA,0.892578125
tr|A0A1E3M5Z6|A0A1E3M5Z6_ACIBA,tr|V5VE65|V5VE65_ACIBA,0.892578125
tr|V5VBX7|V5VBX7_ACIBA,tr|V5VC03|V5VC03_ACIBA,0.892578125
tr|V5VFJ3|V5VFJ3_ACIBA,tr|V5VE65|V5VE65_ACIBA,0.892578125
tr|A0A098SM27|A0A098SM27_ACIBA,tr|V5VAY8|V5VAY8_ACIBA,0.89013671875
tr|A0A1E3M4P4|A0A1E3M4P4_ACIBA,tr|A0A1E3M5S4|A0A1E3M5S4_ACIBA,0.8896484375
tr|A0A1E3M4P4|A0A1E3M4P4_ACIBA,tr|V5VAY8|V5VAY8_ACIBA,0.88525390625
tr|A0A098SM27|A0A098SM27_ACIBA,tr|V5VDA7|V5VDA7_ACIBA,0.8828125
tr|A0A1E3M4P4|A0A1E3M4P4_ACIBA,tr|A0A077GN97|A0A077GN97_ACIBA,0.88232421875
tr|V5VBL5|V5VBL5_ACIBA,tr|A0A077GN97|A0A077GN97_ACIBA,0.88232421875
tr|V5V842|V5V842_ACIBA,tr|V5V940|V5V940_ACIBA,0.8818359375
tr|A0A1E3M844|A0A1E3M844_ACIBA,tr|A0A0D5YLM2|A0A0D5YLM2_ACIBA,0.88134765625
tr|V5VBL5|V5VBL5_ACIBA,tr|A0A1E3M5S4|A0A1E3M5S4_ACIBA,0.880859375
tr|A0A1E3M728|A0A1E3M728_ACIBA,tr|A0A1E3M772|A0A1E3M772_ACIBA,0.87939453125
tr|A0A1E3M1Q1|A0A1E3M1Q1_ACIBA,tr|A0A1E3M3T6|A0A1E3M3T6_ACIBA,0.87890625
tr|A0A059ZCX7|A0A059ZCX7_ACIBA,tr|A0A059ZHD8|A0A059ZHD8_ACIBA,0.876953125
tr|A0A1E3M4P4|A0A1E3M4P4_ACIBA,tr|V5VDA7|V5VDA7_ACIBA,0.87646484375
tr|V5VCX9|V5VCX9_ACIBA,tr|G1C6Z8|G1C6Z8_ACIBA,0.87451171875
tr|A0A1E3M5K2|A0A1E3M5K2_ACIBA,tr|A0A1E3M404|A0A1E3M404_ACIBA,0.87451171875
tr|V5VBR5|V5VBR5_ACIBA,tr|A0A1E3M5S4|A0A1E3M5S4_ACIBA,0.8740234375
tr|V5VH86|V5VH86_ACIBA,tr|A0A1E3M9J9|A0A1E3M9J9_ACIBA,0.8740234375
tr|V5VFJ3|V5VFJ3_ACIBA,tr|A0A098SM27|A0A098SM27_ACIBA,0.87353515625
tr|V5VGE5|V5VGE5_ACIBA,tr|V5VG25|V5VG25_ACIBA,0.87255859375
tr|A0A059ZJ19|A0A059ZJ19_ACIBA,tr|A0A098SGG9|A0A098SGG9_ACIBA,0.87158203125
tr|A0A1E3M5S5|A0A1E3M5S5_ACIBA,tr|A0A098SM27|A0A098SM27_ACIBA,0.87109375
tr|V5V9P8|V5V9P8_ACIBA,tr|A0A1E3MBS1|A0A1E3MBS1_ACIBA,0.87060546875
tr|A0A1E3M641|A0A1E3M641_ACIBA,tr|A0A1E3M728|A0A1E3M728_ACIBA,0.86767578125
tr|Q5DL40|Q5DL40_ACIBA,tr|V5VB15|V5VB15_ACIBA,0.86767578125
tr|V5VHU3|V5VHU3_ACIBA,tr|V5VG26|V5VG26_ACIBA,0.86669921875
tr|V5VBL5|V5VBL5_ACIBA,tr|A0A1E3M5Y0|A0A1E3M5Y0_ACIBA,0.8662109375
tr|A0A1E3M4P4|A0A1E3M4P4_ACIBA,tr|V5VFJ3|V5VFJ3_ACIBA,0.865234375
tr|V5VG30|V5VG30_ACIBA,tr|V5VG32|V5VG32_ACIBA,0.865234375
tr|A0A1E3M5S4|A0A1E3M5S4_ACIBA,tr|A0A1E3M2W1|A0A1E3M2W1_ACIBA,0.86474609375
tr|V5V9N8|V5V9N8_ACIBA,tr|V5V9M8|V5V9M8_ACIBA,0.8642578125
tr|V5VAP2|V5VAP2_ACIBA,tr|V5VH86|V5VH86_ACIBA,0.8642578125
tr|A0A1E3MAU0|A0A1E3MAU0_ACIBA,tr|V5VGM8|V5VGM8_ACIBA,0.86376953125
tr|V5VA37|V5VA37_ACIBA,tr|V5VGE4|V5VGE4_ACIBA,0.86328125
tr|V5VIQ8|V5VIQ8_ACIBA,tr|V5V9J7|V5V9J7_ACIBA,0.86328125
tr|A0A1E3MBE7|A0A1E3MBE7_ACIBA,tr|A0A1E3MBH2|A0A1E3MBH2_ACIBA,0.86279296875
tr|V5VCD9|V5VCD9_ACIBA,tr|V5VG96|V5VG96_ACIBA,0.8623046875
tr|V5VBE6|V5VBE6_ACIBA,tr|V5VBX7|V5VBX7_ACIBA,0.86181640625
tr|V5VGE5|V5VGE5_ACIBA,tr|V5VHU3|V5VHU3_ACIBA,0.861328125
tr|A0A1E3M3K9|A0A1E3M3K9_ACIBA,tr|A0A059ZGV9|A0A059ZGV9_ACIBA,0.85986328125
tr|A0A098SM27|A0A098SM27_ACIBA,tr|A0A1E3M3J4|A0A1E3M3J4_ACIBA,0.8583984375
tr|V5VHU8|V5VHU8_ACIBA,tr|A0A098SGG9|A0A098SGG9_ACIBA,0.8583984375
tr|V5V944|V5V944_ACIBA,tr|V5VCN4|V5VCN4_ACIBA,0.857421875
tr|V5VG32|V5VG32_ACIBA,tr|A0A098SGG9|A0A098SGG9_ACIBA,0.85693359375
tr|V5VG36|V5VG36_ACIBA,tr|A0A098SGG9|A0A098SGG9_ACIBA,0.8564453125
tr|A0A1E3M630|A0A1E3M630_ACIBA,tr|A0A1E3M7X4|A0A1E3M7X4_ACIBA,0.85546875
tr|A0A0G4QSW7|A0A0G4QSW7_ACIBA,tr|A0A059ZQ79|A0A059ZQ79_ACIBA,0.85546875
tr|V5VGI6|V5VGI6_ACIBA,tr|V5VGE5|V5VGE5_ACIBA,0.8544921875
tr|V5VAG5|V5VAG5_ACIBA,tr|V5V957|V5V957_ACIBA,0.85205078125
tr|A0A077GN97|A0A077GN97_ACIBA,tr|A0A335FV52|A0A335FV52_ACIBA,0.85205078125
tr|A0A5P1UNA0|A0A5P1UNA0_ACIBA,tr|A0A1E3M7X4|A0A1E3M7X4_ACIBA,0.85205078125
tr|A0A1E3M1T3|A0A1E3M1T3_ACIBA,tr|A0A1E3M1Q1|A0A1E3M1Q1_ACIBA,0.8486328125
tr|Q5DL40|Q5DL40_ACIBA,tr|V5VAY8|V5VAY8_ACIBA,0.84716796875
tr|V5VGR2|V5VGR2_ACIBA,tr|V5VG96|V5VG96_ACIBA,0.8466796875
tr|A0A1E3M5M9|A0A1E3M5M9_ACIBA,tr|A0A059ZQ79|A0A059ZQ79_ACIBA,0.84619140625
tr|A0A059ZV46|A0A059ZV46_ACIBA,tr|A0A5P1UNA0|A0A5P1UNA0_ACIBA,0.84619140625
tr|A0A081H968|A0A081H968_ACIBA,tr|V5VBV8|V5VBV8_ACIBA,0.84619140625
tr|V5VBL5|V5VBL5_ACIBA,tr|V5VAY8|V5VAY8_ACIBA,0.84423828125
tr|A0A059ZGZ2|A0A059ZGZ2_ACIBA,tr|V5VFS5|V5VFS5_ACIBA,0.84375
tr|A0A077GN97|A0A077GN97_ACIBA,tr|A0A1E3M5M9|A0A1E3M5M9_ACIBA,0.84326171875
tr|A0A086I1Y6|A0A086I1Y6_ACIBA,tr|V5VAD3|V5VAD3_ACIBA,0.84228515625
tr|V5V9G4|V5V9G4_ACIBA,tr|A0A059ZGV9|A0A059ZGV9_ACIBA,0.841796875
tr|V5VGI6|V5VGI6_ACIBA,tr|A0A0D5YLM2|A0A0D5YLM2_ACIBA,0.841796875
tr|A0A059ZJ19|A0A059ZJ19_ACIBA,tr|V5VHU8|V5VHU8_ACIBA,0.8408203125
tr|A0A098SM27|A0A098SM27_ACIBA,tr|V5VJG0|V5VJG0_ACIBA,0.8408203125
tr|V5V9I6|V5V9I6_ACIBA,tr|V5V944|V5V944_ACIBA,0.84033203125
tr|A0A1E3M5S4|A0A1E3M5S4_ACIBA,tr|A0A335FV52|A0A335FV52_ACIBA,0.83984375
tr|A0A098SM27|A0A098SM27_ACIBA,tr|A0A1E3M5H2|A0A1E3M5H2_ACIBA,0.83935546875
tr|A0A1E3M4P4|A0A1E3M4P4_ACIBA,tr|V5VFI2|V5VFI2_ACIBA,0.83837890625
tr|V5VC90|V5VC90_ACIBA,tr|V5VFI2|V5VFI2_ACIBA,0.83837890625
tr|A0A0D5YK69|A0A0D5YK69_ACIBA,tr|V5VHR7|V5VHR7_ACIBA,0.837890625
tr|V5VAY8|V5VAY8_ACIBA,tr|A0A335FV52|A0A335FV52_ACIBA,0.8369140625
tr|A0A0G4QSW7|A0A0G4QSW7_ACIBA,tr|V5VAY8|V5VAY8_ACIBA,0.83642578125
tr|V5VDA7|V5VDA7_ACIBA,tr|A0A0G4QSW7|A0A0G4QSW7_ACIBA,0.83544921875
tr|A0A1E3M8I3|A0A1E3M8I3_ACIBA,tr|A0A077GN97|A0A077GN97_ACIBA,0.83447265625
tr|A0A1E3M3M8|A0A1E3M3M8_ACIBA,tr|A0A1E3M5S4|A0A1E3M5S4_ACIBA,0.833984375
tr|A0A1E3M8I3|A0A1E3M8I3_ACIBA,tr|A0A1E3M5Y0|A0A1E3M5Y0_ACIBA,0.8330078125
tr|A0A1E3M1Q1|A0A1E3M1Q1_ACIBA,tr|V5VDT3|V5VDT3_ACIBA,0.83154296875
tr|V5V975|V5V975_ACIBA,tr|V5VAM3|V5VAM3_ACIBA,0.8310546875
tr|A0A335FV52|A0A335FV52_ACIBA,tr|A0A1E3M5Y0|A0A1E3M5Y0_ACIBA,0.8310546875
tr|V5VBR5|V5VBR5_ACIBA,tr|V5VAY8|V5VAY8_ACIBA,0.8310546875
tr|V5VBL5|V5VBL5_ACIBA,tr|V5VHK1|V5VHK1_ACIBA,0.828125
tr|A0A1A9L379|A0A1A9L379_ACIBA,tr|A0A241ZFM7|A0A241ZFM7_ACIBA,0.82763671875
tr|A0A1E3M2N7|A0A1E3M2N7_ACIBA,tr|A0A098SM27|A0A098SM27_ACIBA,0.82763671875
tr|V5VBR5|V5VBR5_ACIBA,tr|V5VDA7|V5VDA7_ACIBA,0.8271484375
tr|A0A5P1UNA0|A0A5P1UNA0_ACIBA,tr|A0A335FV52|A0A335FV52_ACIBA,0.82568359375
tr|V5VBL5|V5VBL5_ACIBA,tr|A0A1E3M5S5|A0A1E3M5S5_ACIBA,0.8251953125
tr|V5VBL5|V5VBL5_ACIBA,tr|A0A1E3M5Z6|A0A1E3M5Z6_ACIBA,0.82470703125
tr|A0A077GN97|A0A077GN97_ACIBA,tr|A0A1E3M3M8|A0A1E3M3M8_ACIBA,0.82373046875
tr|A0A1E3M2W1|A0A1E3M2W1_ACIBA,tr|V5VHK1|V5VHK1_ACIBA,0.8232421875
tr|A0A335FV52|A0A335FV52_ACIBA,tr|V5VDA7|V5VDA7_ACIBA,0.8232421875
tr|V5VFS5|V5VFS5_ACIBA,tr|V5VHN5|V5VHN5_ACIBA,0.82275390625
tr|V5VHT4|V5VHT4_ACIBA,tr|V5VHK1|V5VHK1_ACIBA,0.822265625
tr|V5VBE6|V5VBE6_ACIBA,tr|V5VC03|V5VC03_ACIBA,0.82177734375
tr|A0A1E3M8I3|A0A1E3M8I3_ACIBA,tr|A0A1E3M5S5|A0A1E3M5S5_ACIBA,0.8212890625
tr|V5VHK1|V5VHK1_ACIBA,tr|A0A098SM27|A0A098SM27_ACIBA,0.81982421875
tr|V5VAY8|V5VAY8_ACIBA,tr|A0A1E3M5M9|A0A1E3M5M9_ACIBA,0.81884765625
tr|V5VG36|V5VG36_ACIBA,tr|V5VG30|V5VG30_ACIBA,0.81787109375
tr|A0A098SM27|A0A098SM27_ACIBA,tr|A0A1E3M3N5|A0A1E3M3N5_ACIBA,0.8173828125
tr|A0A1E3M404|A0A1E3M404_ACIBA,tr|A0A1E3M348|A0A1E3M348_ACIBA,0.81689453125
tr|V5VB35|V5VB35_ACIBA,tr|V5VAI5|V5VAI5_ACIBA,0.81689453125
tr|A0A1E3M8I3|A0A1E3M8I3_ACIBA,tr|A0A1E3M5S4|A0A1E3M5S4_ACIBA,0.81689453125
tr|V5VHI9|V5VHI9_ACIBA,tr|V5V989|V5V989_ACIBA,0.81640625
tr|V5VAT0|V5VAT0_ACIBA,tr|V5VAR4|V5VAR4_ACIBA,0.81591796875
tr|A0A1E3MAZ9|A0A1E3MAZ9_ACIBA,tr|V5VAD8|V5VAD8_ACIBA,0.8154296875
tr|A0A1E3M4P4|A0A1E3M4P4_ACIBA,tr|A0A1E3M5Y0|A0A1E3M5Y0_ACIBA,0.8154296875
tr|A0A1E3M728|A0A1E3M728_ACIBA,tr|A0A1E3M5X7|A0A1E3M5X7_ACIBA,0.81494140625
tr|V5VB39|V5VB39_ACIBA,tr|A0A059ZHD8|A0A059ZHD8_ACIBA,0.81396484375
tr|V5VG25|V5VG25_ACIBA,tr|V5VG32|V5VG32_ACIBA,0.81396484375
tr|A0A059ZIX1|A0A059ZIX1_ACIBA,tr|A0A0D8FGA4|A0A0D8FGA4_ACIBA,0.8134765625
tr|A0A077GGD9|A0A077GGD9_ACIBA,tr|V5VC90|V5VC90_ACIBA,0.81298828125
tr|V5VH51|V5VH51_ACIBA,tr|V5VC16|V5VC16_ACIBA,0.8125
tr|V5VBR5|V5VBR5_ACIBA,tr|V5VFI2|V5VFI2_ACIBA,0.8125
tr|A0A1E3M5S5|A0A1E3M5S5_ACIBA,tr|A0A0G4QSW7|A0A0G4QSW7_ACIBA,0.8115234375
tr|A0A1E3M5S5|A0A1E3M5S5_ACIBA,tr|V5VE65|V5VE65_ACIBA,0.810546875
tr|A0A335FV52|A0A335FV52_ACIBA,tr|A0A1E3M2N7|A0A1E3M2N7_ACIBA,0.810546875
tr|A0A1E3M856|A0A1E3M856_ACIBA,tr|A0A1E3M8I3|A0A1E3M8I3_ACIBA,0.810546875
tr|V5VHF8|V5VHF8_ACIBA,tr|V5VDL9|V5VDL9_ACIBA,0.8095703125
tr|A0A335FV52|A0A335FV52_ACIBA,tr|A0A1E3M856|A0A1E3M856_ACIBA,0.80859375
tr|A0A1E3M772|A0A1E3M772_ACIBA,tr|A0A059ZKT7|A0A059ZKT7_ACIBA,0.80859375
tr|V5VJG0|V5VJG0_ACIBA,tr|V5VE65|V5VE65_ACIBA,0.80712890625
tr|Q5DL40|Q5DL40_ACIBA,tr|V5VFJ3|V5VFJ3_ACIBA,0.80712890625
tr|A0A077GN97|A0A077GN97_ACIBA,tr|A0A1E3M2W1|A0A1E3M2W1_ACIBA,0.80615234375
tr|A0A1E3M2J2|A0A1E3M2J2_ACIBA,tr|A0A1E3M2H6|A0A1E3M2H6_ACIBA,0.8056640625
tr|A0A1E3M2N7|A0A1E3M2N7_ACIBA,tr|A0A1E3M5M9|A0A1E3M5M9_ACIBA,0.80517578125
tr|V5VC90|V5VC90_ACIBA,tr|A0A1E3M5Y0|A0A1E3M5Y0_ACIBA,0.8046875
tr|V5VAY8|V5VAY8_ACIBA,tr|A0A1E3M3L6|A0A1E3M3L6_ACIBA,0.8046875
tr|V5VCN4|V5VCN4_ACIBA,tr|V5VB52|V5VB52_ACIBA,0.8046875
tr|A0A335FV52|A0A335FV52_ACIBA,tr|V5VHK1|V5VHK1_ACIBA,0.80419921875
tr|V5VG47|V5VG47_ACIBA,tr|V5V9J7|V5V9J7_ACIBA,0.80419921875
tr|V5VH86|V5VH86_ACIBA,tr|V5VGI5|V5VGI5_ACIBA,0.80419921875
tr|A0A1E3M5M9|A0A1E3M5M9_ACIBA,tr|A0A1E3M5Y0|A0A1E3M5Y0_ACIBA,0.8037109375
tr|A0A0G4QSW7|A0A0G4QSW7_ACIBA,tr|A0A1E3M2N7|A0A1E3M2N7_ACIBA,0.8017578125
tr|A0A0H4U8G3|A0A0H4U8G3_ACIBA,tr|A0A1E3M624|A0A1E3M624_ACIBA,0.80078125
tr|V5VAW9|V5VAW9_ACIBA,tr|A0A077GHZ9|A0A077GHZ9_ACIBA,0.80029296875
tr|V5VGC7|V5VGC7_ACIBA,tr|V5VCB2|V5VCB2_ACIBA,0.7998046875
tr|A0A1E3M772|A0A1E3M772_ACIBA,tr|A0A059ZN38|A0A059ZN38_ACIBA,0.79931640625
tr|A0A1E3M4P4|A0A1E3M4P4_ACIBA,tr|A0A1E3M856|A0A1E3M856_ACIBA,0.79931640625
tr|V5VC90|V5VC90_ACIBA,tr|A0A077GN97|A0A077GN97_ACIBA,0.79931640625
tr|A0A059ZJ17|A0A059ZJ17_ACIBA,tr|V5VAY8|V5VAY8_ACIBA,0.79833984375
tr|V5VHT4|V5VHT4_ACIBA,tr|A0A335FV52|A0A335FV52_ACIBA,0.7978515625
tr|A0A335FV52|A0A335FV52_ACIBA,tr|A0A1E3M5S5|A0A1E3M5S5_ACIBA,0.79736328125
tr|A0A1E3M5Z6|A0A1E3M5Z6_ACIBA,tr|A0A335FV52|A0A335FV52_ACIBA,0.796875
tr|V5VBZ8|V5VBZ8_ACIBA,tr|V5VDL1|V5VDL1_ACIBA,0.796875
tr|A0A059ZJ17|A0A059ZJ17_ACIBA,tr|A0A1E3M5S4|A0A1E3M5S4_ACIBA,0.7958984375
tr|A0A1E3M5M9|A0A1E3M5M9_ACIBA,tr|A0A084XPW4|A0A084XPW4_ACIBA,0.7939453125
tr|A0A1E3M5S4|A0A1E3M5S4_ACIBA,tr|A0A1E3M5M9|A0A1E3M5M9_ACIBA,0.7939453125
tr|V5VIA8|V5VIA8_ACIBA,tr|V5V7W3|V5V7W3_ACIBA,0.79296875
tr|V5VBZ8|V5VBZ8_ACIBA,tr|V5VD51|V5VD51_ACIBA,0.79296875
tr|A0A1E3M544|A0A1E3M544_ACIBA,tr|A0A1E3M5Y0|A0A1E3M5Y0_ACIBA,0.79296875
tr|A0A059ZMY8|A0A059ZMY8_ACIBA,tr|V5VIH3|V5VIH3_ACIBA,0.79296875
tr|A0A1E3M544|A0A1E3M544_ACIBA,tr|V5VAY8|V5VAY8_ACIBA,0.79248046875
tr|V5V952|V5V952_ACIBA,tr|V5V948|V5V948_ACIBA,0.79248046875
tr|V5VBR5|V5VBR5_ACIBA,tr|A0A077GN97|A0A077GN97_ACIBA,0.7919921875
tr|A0A1E3M544|A0A1E3M544_ACIBA,tr|A0A1E3M5S4|A0A1E3M5S4_ACIBA,0.79150390625
tr|A0A059ZCX7|A0A059ZCX7_ACIBA,tr|A0A5P1UK57|A0A5P1UK57_ACIBA,0.791015625
tr|V5VH51|V5VH51_ACIBA,tr|A0A7U4X7B8|A0A7U4X7B8_ACIBA,0.7900390625
tr|A0A1E3M5K2|A0A1E3M5K2_ACIBA,tr|A0A1E3M1Z1|A0A1E3M1Z1_ACIBA,0.7900390625
tr|V5VBL5|V5VBL5_ACIBA,tr|A0A059ZQ79|A0A059ZQ79_ACIBA,0.78955078125
tr|A0A059ZJ17|A0A059ZJ17_ACIBA,tr|V5VFI2|V5VFI2_ACIBA,0.78857421875
tr|Q5DL40|Q5DL40_ACIBA,tr|V5VDA7|V5VDA7_ACIBA,0.78857421875
tr|V5VDT3|V5VDT3_ACIBA,tr|V5VAN7|V5VAN7_ACIBA,0.78857421875
tr|V5V9E1|V5V9E1_ACIBA,tr|A0A059ZHD8|A0A059ZHD8_ACIBA,0.78857421875
tr|V5VBY1|V5VBY1_ACIBA,tr|A0A0Q1DNT0|A0A0Q1DNT0_ACIBA,0.7880859375
tr|V5VB91|V5VB91_ACIBA,tr|A0A059ZLC4|A0A059ZLC4_ACIBA,0.7880859375
tr|A0A335FV52|A0A335FV52_ACIBA,tr|A0A059ZQ79|A0A059ZQ79_ACIBA,0.7880859375
tr|A0A1E3M4P4|A0A1E3M4P4_ACIBA,tr|A0A1E3M5S5|A0A1E3M5S5_ACIBA,0.7880859375
tr|A0A059ZP15|A0A059ZP15_ACIBA,tr|A0A059ZND2|A0A059ZND2_ACIBA,0.7880859375
tr|A0A1E3M5M9|A0A1E3M5M9_ACIBA,tr|V5VDA7|V5VDA7_ACIBA,0.78759765625
tr|A0A1E3M544|A0A1E3M544_ACIBA,tr|A0A077GN97|A0A077GN97_ACIBA,0.787109375
tr|A0A1E3M5S5|A0A1E3M5S5_ACIBA,tr|A0A1E3M3M8|A0A1E3M3M8_ACIBA,0.787109375
tr|A0A1E3M3M8|A0A1E3M3M8_ACIBA,tr|A0A1E3M5Y0|A0A1E3M5Y0_ACIBA,0.787109375
tr|A0A098SM27|A0A098SM27_ACIBA,tr|A0A059ZQ79|A0A059ZQ79_ACIBA,0.787109375
tr|A0A1E3M3M8|A0A1E3M3M8_ACIBA,tr|V5VFI2|V5VFI2_ACIBA,0.78662109375
tr|V5VCL4|V5VCL4_ACIBA,tr|A0A1E3M5M9|A0A1E3M5M9_ACIBA,0.78662109375
tr|A0A1E3M8I3|A0A1E3M8I3_ACIBA,tr|A0A1E3M3N5|A0A1E3M3N5_ACIBA,0.78662109375
tr|A0A084XPW4|A0A084XPW4_ACIBA,tr|A0A335FV52|A0A335FV52_ACIBA,0.78662109375
tr|A0A1E3M5H2|A0A1E3M5H2_ACIBA,tr|A0A0G4QSW7|A0A0G4QSW7_ACIBA,0.78564453125
tr|V5VCF7|V5VCF7_ACIBA,tr|A0A0H4UXK8|A0A0H4UXK8_ACIBA,0.78515625
tr|V5V9P9|V5V9P9_ACIBA,tr|V5V9M8|V5V9M8_ACIBA,0.78466796875
tr|V5VHT4|V5VHT4_ACIBA,tr|A0A1E3M2W1|A0A1E3M2W1_ACIBA,0.78466796875
tr|A0A059ZNI7|A0A059ZNI7_ACIBA,tr|A0A059ZHD8|A0A059ZHD8_ACIBA,0.78466796875
tr|A0A0G4QSW7|A0A0G4QSW7_ACIBA,tr|A0A098SKY8|A0A098SKY8_ACIBA,0.78466796875
tr|V5VE65|V5VE65_ACIBA,tr|A0A1E3M3J4|A0A1E3M3J4_ACIBA,0.7841796875
tr|A0A1E3M544|A0A1E3M544_ACIBA,tr|V5VDA7|V5VDA7_ACIBA,0.7841796875
tr|V5V9Y6|V5V9Y6_ACIBA,tr|A0A1E3MBF9|A0A1E3MBF9_ACIBA,0.78369140625
tr|V5VBL5|V5VBL5_ACIBA,tr|V5VHT4|V5VHT4_ACIBA,0.7822265625
tr|V5V9P8|V5V9P8_ACIBA,tr|G1C6X4|G1C6X4_ACIBA,0.78173828125
tr|A0A335FV52|A0A335FV52_ACIBA,tr|A0A1E3M5H2|A0A1E3M5H2_ACIBA,0.78173828125
tr|V5VBL5|V5VBL5_ACIBA,tr|A0A098SKY8|A0A098SKY8_ACIBA,0.78173828125
tr|A0A335FV52|A0A335FV52_ACIBA,tr|A0A1E3M772|A0A1E3M772_ACIBA,0.78125
tr|V5VBR5|V5VBR5_ACIBA,tr|V5VFJ3|V5VFJ3_ACIBA,0.78125
tr|A0A1A5UJ33|A0A1A5UJ33_ACIBA,tr|V5V9H7|V5V9H7_ACIBA,0.78076171875
tr|A0A335FV52|A0A335FV52_ACIBA,tr|V5VFI2|V5VFI2_ACIBA,0.779296875
tr|A0A1E3M3M5|A0A1E3M3M5_ACIBA,tr|V5VDT3|V5VDT3_ACIBA,0.779296875
tr|V5VH51|V5VH51_ACIBA,tr|V5V9V9|V5V9V9_ACIBA,0.779296875
tr|A0A1E3MBE7|A0A1E3MBE7_ACIBA,tr|A0A5P1UF67|A0A5P1UF67_ACIBA,0.77880859375
tr|V5V944|V5V944_ACIBA,tr|A0A059ZM74|A0A059ZM74_ACIBA,0.77880859375
tr|A0A1E3M2W1|A0A1E3M2W1_ACIBA,tr|A0A059ZQ79|A0A059ZQ79_ACIBA,0.77734375
tr|A0A0D5YHQ6|A0A0D5YHQ6_ACIBA,tr|V5VBE6|V5VBE6_ACIBA,0.77734375
tr|V5VAY8|V5VAY8_ACIBA,tr|A0A059ZKT7|A0A059ZKT7_ACIBA,0.77734375
tr|V5VC90|V5VC90_ACIBA,tr|A0A1E3M5S4|A0A1E3M5S4_ACIBA,0.7763671875
tr|V5VBR0|V5VBR0_ACIBA,tr|V5VC14|V5VC14_ACIBA,0.7763671875
tr|V5VAV8|V5VAV8_ACIBA,tr|V5V7W3|V5V7W3_ACIBA,0.77587890625
tr|V5VHT4|V5VHT4_ACIBA,tr|A0A098SM27|A0A098SM27_ACIBA,0.775390625
tr|V5VFJ3|V5VFJ3_ACIBA,tr|A0A335FV52|A0A335FV52_ACIBA,0.775390625
tr|A0A1E3M772|A0A1E3M772_ACIBA,tr|A0A1E3M5M9|A0A1E3M5M9_ACIBA,0.77490234375
tr|V5VG36|V5VG36_ACIBA,tr|V5VG25|V5VG25_ACIBA,0.77490234375
tr|V5VH56|V5VH56_ACIBA,tr|A0A1E3M835|A0A1E3M835_ACIBA,0.7744140625
tr|V5VBL5|V5VBL5_ACIBA,tr|V5VJG0|V5VJG0_ACIBA,0.77392578125
tr|A0A1E3M772|A0A1E3M772_ACIBA,tr|A0A1E3M544|A0A1E3M544_ACIBA,0.77294921875
tr|A0A1E3M3L6|A0A1E3M3L6_ACIBA,tr|V5VDA7|V5VDA7_ACIBA,0.77197265625
tr|A0A0F4EMX0|A0A0F4EMX0_ACIBA,tr|V5VHJ5|V5VHJ5_ACIBA,0.77197265625
tr|A0A1E3M3M8|A0A1E3M3M8_ACIBA,tr|V5VHK1|V5VHK1_ACIBA,0.77197265625
tr|A0A1E3M4Y0|A0A1E3M4Y0_ACIBA,tr|A0A1E3M4V5|A0A1E3M4V5_ACIBA,0.771484375
tr|V5VCL4|V5VCL4_ACIBA,tr|A0A335FV52|A0A335FV52_ACIBA,0.77099609375
tr|V5VHI8|V5VHI8_ACIBA,tr|V5VGL2|V5VGL2_ACIBA,0.77001953125
tr|V5VHT4|V5VHT4_ACIBA,tr|V5VGB4|V5VGB4_ACIBA,0.77001953125
tr|V5VC90|V5VC90_ACIBA,tr|A0A1E3M856|A0A1E3M856_ACIBA,0.76953125
tr|A0A335FV52|A0A335FV52_ACIBA,tr|V5VJG0|V5VJG0_ACIBA,0.7685546875
tr|V5VAV5|V5VAV5_ACIBA,tr|V5VC16|V5VC16_ACIBA,0.767578125
tr|V5VBL5|V5VBL5_ACIBA,tr|A0A1E3M3N5|A0A1E3M3N5_ACIBA,0.76708984375
tr|A0A1E3MB59|A0A1E3MB59_ACIBA,tr|V5VHR7|V5VHR7_ACIBA,0.76708984375
tr|A0A5P1UF67|A0A5P1UF67_ACIBA,tr|A0A1E3MBH2|A0A1E3MBH2_ACIBA,0.7666015625
tr|A0A7U4X5T2|A0A7U4X5T2_ACIBA,tr|A0A1E3M7L2|A0A1E3M7L2_ACIBA,0.7666015625
tr|V5VC16|V5VC16_ACIBA,tr|V5V9V9|V5V9V9_ACIBA,0.76611328125
tr|V5VIQ3|V5VIQ3_ACIBA,tr|V5VHU3|V5VHU3_ACIBA,0.76513671875
tr|V5VAD3|V5VAD3_ACIBA,tr|V5VBX8|V5VBX8_ACIBA,0.7646484375
tr|V5VB41|V5VB41_ACIBA,tr|V5VH86|V5VH86_ACIBA,0.7646484375
tr|A0A154DV90|A0A154DV90_ACIBA,tr|V5VAH2|V5VAH2_ACIBA,0.7646484375
tr|A0A1E3M898|A0A1E3M898_ACIBA,tr|V5VIQ3|V5VIQ3_ACIBA,0.763671875
tr|V5VAV5|V5VAV5_ACIBA,tr|V5VH51|V5VH51_ACIBA,0.763671875
tr|A0A1E3M9S4|A0A1E3M9S4_ACIBA,tr|A0A1E3M533|A0A1E3M533_ACIBA,0.763671875
tr|A0A081H5Y7|A0A081H5Y7_ACIBA,tr|V5VAW7|V5VAW7_ACIBA,0.763671875
tr|A0A1E3M856|A0A1E3M856_ACIBA,tr|A0A1E3M5M9|A0A1E3M5M9_ACIBA,0.763671875
tr|A0A1E3M902|A0A1E3M902_ACIBA,tr|A0A7U4X8Y9|A0A7U4X8Y9_ACIBA,0.76318359375
tr|V5VFT6|V5VFT6_ACIBA,tr|V5VGC7|V5VGC7_ACIBA,0.7626953125
tr|A0A1E3M4P4|A0A1E3M4P4_ACIBA,tr|A0A1E3M3N5|A0A1E3M3N5_ACIBA,0.76220703125
tr|A0A0D5YLM2|A0A0D5YLM2_ACIBA,tr|V5VHU3|V5VHU3_ACIBA,0.76171875
tr|A0A1E3M5M9|A0A1E3M5M9_ACIBA,tr|A0A098SKY8|A0A098SKY8_ACIBA,0.76171875
tr|A0A059ZNU1|A0A059ZNU1_ACIBA,tr|V5VE65|V5VE65_ACIBA,0.76123046875
tr|A0A1E3M7E5|A0A1E3M7E5_ACIBA,tr|A0A059ZGZ2|A0A059ZGZ2_ACIBA,0.76123046875
tr|V5VBL5|V5VBL5_ACIBA,tr|A0A1E3M5H2|A0A1E3M5H2_ACIBA,0.76123046875
tr|A0A1E3M2W1|A0A1E3M2W1_ACIBA,tr|A0A1E3M5H2|A0A1E3M5H2_ACIBA,0.76025390625
tr|A0A1E3M8I3|A0A1E3M8I3_ACIBA,tr|V5VFI2|V5VFI2_ACIBA,0.76025390625
tr|A0A335FV52|A0A335FV52_ACIBA,tr|A0A1E3M3N5|A0A1E3M3N5_ACIBA,0.759765625
tr|A0A1E3M3D6|A0A1E3M3D6_ACIBA,tr|A0A1E3M5M9|A0A1E3M5M9_ACIBA,0.75927734375
tr|A0A1E3M424|A0A1E3M424_ACIBA,tr|V5VHJ5|V5VHJ5_ACIBA,0.7587890625
tr|A0A1E3M5S5|A0A1E3M5S5_ACIBA,tr|A0A1E3M2W1|A0A1E3M2W1_ACIBA,0.75830078125
tr|A0A1E3M4P4|A0A1E3M4P4_ACIBA,tr|A0A1E3M3J4|A0A1E3M3J4_ACIBA,0.7578125
tr|A0A241ZFM7|A0A241ZFM7_ACIBA,tr|A0A1E3M1K3|A0A1E3M1K3_ACIBA,0.7568359375
tr|A0A1E3M5M9|A0A1E3M5M9_ACIBA,tr|V5VFI2|V5VFI2_ACIBA,0.7568359375
tr|A0A1E3M5M9|A0A1E3M5M9_ACIBA,tr|A0A1E3M5Z6|A0A1E3M5Z6_ACIBA,0.7568359375
tr|A0A335FV52|A0A335FV52_ACIBA,tr|A0A1E3M3J4|A0A1E3M3J4_ACIBA,0.75634765625
tr|A0A1E3M544|A0A1E3M544_ACIBA,tr|A0A1E3M2N7|A0A1E3M2N7_ACIBA,0.755859375
tr|V5VJG0|V5VJG0_ACIBA,tr|Q5DL40|Q5DL40_ACIBA,0.75537109375
tr|A0A1E3M5M9|A0A1E3M5M9_ACIBA,tr|A0A1E3M5S5|A0A1E3M5S5_ACIBA,0.7548828125
tr|V5VA62|V5VA62_ACIBA,tr|A0A5P1UKT1|A0A5P1UKT1_ACIBA,0.75439453125
tr|A0A1E3M8A9|A0A1E3M8A9_ACIBA,tr|V5VGM1|V5VGM1_ACIBA,0.75439453125
tr|V5VH51|V5VH51_ACIBA,tr|V5VIV0|V5VIV0_ACIBA,0.75390625
tr|A0A1E3M2W1|A0A1E3M2W1_ACIBA,tr|V5VFI2|V5VFI2_ACIBA,0.75390625
tr|V5VGB4|V5VGB4_ACIBA,tr|A0A1E3MB90|A0A1E3MB90_ACIBA,0.75341796875
tr|A0A1E3M4P4|A0A1E3M4P4_ACIBA,tr|A0A1E3M5Z6|A0A1E3M5Z6_ACIBA,0.7529296875
tr|A0A5P1UNA0|A0A5P1UNA0_ACIBA,tr|A0A1E3M3M8|A0A1E3M3M8_ACIBA,0.75244140625
tr|A0A1L5TK30|A0A1L5TK30_ACIBA,tr|V5VHR7|V5VHR7_ACIBA,0.751953125
tr|A0A1E3M641|A0A1E3M641_ACIBA,tr|A0A059ZN38|A0A059ZN38_ACIBA,0.75146484375
tr|V5VDT3|V5VDT3_ACIBA,tr|A0A7U4X8Y9|A0A7U4X8Y9_ACIBA,0.75048828125
tr|A0A7U4X5T2|A0A7U4X5T2_ACIBA,tr|A0A1L5TK30|A0A1L5TK30_ACIBA,0.75048828125
tr|V5VBV1|V5VBV1_ACIBA,tr|V5VHR7|V5VHR7_ACIBA,0.74951171875
tr|A0A0G4QSW7|A0A0G4QSW7_ACIBA,tr|V5VJG0|V5VJG0_ACIBA,0.7490234375
tr|V5VCL4|V5VCL4_ACIBA,tr|A0A0G4QSW7|A0A0G4QSW7_ACIBA,0.74853515625
tr|A0A1E3M2R9|A0A1E3M2R9_ACIBA,tr|A0A335FV52|A0A335FV52_ACIBA,0.74853515625
tr|A0A1E3M4P4|A0A1E3M4P4_ACIBA,tr|V5VJG0|V5VJG0_ACIBA,0.74853515625
tr|A0A1E3M5M9|A0A1E3M5M9_ACIBA,tr|A0A1E3M5H2|A0A1E3M5H2_ACIBA,0.74853515625
tr|A0A1E3M2W1|A0A1E3M2W1_ACIBA,tr|A0A098SKY8|A0A098SKY8_ACIBA,0.74755859375
tr|A0A059ZV46|A0A059ZV46_ACIBA,tr|A0A335FV52|A0A335FV52_ACIBA,0.74755859375
tr|V5V989|V5V989_ACIBA,tr|G1C6Z8|G1C6Z8_ACIBA,0.74609375
tr|A0A1E3M627|A0A1E3M627_ACIBA,tr|A0A1E3M533|A0A1E3M533_ACIBA,0.74560546875
tr|V5VBL5|V5VBL5_ACIBA,tr|A0A1E3M3J4|A0A1E3M3J4_ACIBA,0.7451171875
tr|A0A0G4QSW7|A0A0G4QSW7_ACIBA,tr|V5VDT5|V5VDT5_ACIBA,0.74462890625
tr|V5VCB2|V5VCB2_ACIBA,tr|A0A059ZUB2|A0A059ZUB2_ACIBA,0.74462890625
tr|A0A084XPW4|A0A084XPW4_ACIBA,tr|A0A1E3M8I3|A0A1E3M8I3_ACIBA,0.74462890625
tr|V5VGZ9|V5VGZ9_ACIBA,tr|V5VBC2|V5VBC2_ACIBA,0.74462890625
tr|A0A1E3M2N7|A0A1E3M2N7_ACIBA,tr|A0A059ZN38|A0A059ZN38_ACIBA,0.74462890625
tr|A0A1E3M5M9|A0A1E3M5M9_ACIBA,tr|V5VJG0|V5VJG0_ACIBA,0.744140625
tr|V5VCB4|V5VCB4_ACIBA,tr|A0A090BBP5|A0A090BBP5_ACIBA,0.74365234375
tr|A0A1E3M8I3|A0A1E3M8I3_ACIBA,tr|V5VJG0|V5VJG0_ACIBA,0.7431640625
tr|A0A059ZV46|A0A059ZV46_ACIBA,tr|A0A1E3M3D6|A0A1E3M3D6_ACIBA,0.7431640625
tr|A0A1E3M7S5|A0A1E3M7S5_ACIBA,tr|A0A1E3M802|A0A1E3M802_ACIBA,0.7421875
tr|A0A1E3M4J4|A0A1E3M4J4_ACIBA,tr|A0A1E3M1R5|A0A1E3M1R5_ACIBA,0.74169921875
tr|A0A059ZUB2|A0A059ZUB2_ACIBA,tr|A0A0D5YK69|A0A0D5YK69_ACIBA,0.74169921875
tr|V5VIA8|V5VIA8_ACIBA,tr|A0A1E3M2Y3|A0A1E3M2Y3_ACIBA,0.74169921875
tr|A0A1E3M3J4|A0A1E3M3J4_ACIBA,tr|V5VC90|V5VC90_ACIBA,0.7412109375
tr|A0A1E3M3J4|A0A1E3M3J4_ACIBA,tr|A0A1E3M8I3|A0A1E3M8I3_ACIBA,0.74072265625
tr|A0A059ZHT8|A0A059ZHT8_ACIBA,tr|V5VH51|V5VH51_ACIBA,0.74072265625
tr|A0A7U4X5T2|A0A7U4X5T2_ACIBA,tr|A0A7U4X5W9|A0A7U4X5W9_ACIBA,0.740234375
tr|A0A098SKY8|A0A098SKY8_ACIBA,tr|A0A335FV52|A0A335FV52_ACIBA,0.740234375
tr|A0A1E3M5X7|A0A1E3M5X7_ACIBA,tr|A0A059ZN38|A0A059ZN38_ACIBA,0.740234375
tr|A0A1E3M2W1|A0A1E3M2W1_ACIBA,tr|A0A1E3M2N7|A0A1E3M2N7_ACIBA,0.740234375
tr|A0A1E3M5Z6|A0A1E3M5Z6_ACIBA,tr|V5VC90|V5VC90_ACIBA,0.73974609375
tr|A0A1E3M3L6|A0A1E3M3L6_ACIBA,tr|V5VJG0|V5VJG0_ACIBA,0.73876953125
tr|A0A1E3M3L6|A0A1E3M3L6_ACIBA,tr|A0A1E3M5Y0|A0A1E3M5Y0_ACIBA,0.7373046875
tr|V5VC90|V5VC90_ACIBA,tr|V5VAY8|V5VAY8_ACIBA,0.73681640625
tr|V5VBL5|V5VBL5_ACIBA,tr|A0A1E3M2N7|A0A1E3M2N7_ACIBA,0.73681640625
tr|A0A1E3M544|A0A1E3M544_ACIBA,tr|V5VJG0|V5VJG0_ACIBA,0.73681640625
tr|A0A1E3M1U5|A0A1E3M1U5_ACIBA,tr|A0A1E3M404|A0A1E3M404_ACIBA,0.736328125
tr|A0A059ZM74|A0A059ZM74_ACIBA,tr|V5VB52|V5VB52_ACIBA,0.7353515625
tr|A0A059ZJ17|A0A059ZJ17_ACIBA,tr|A0A077GN97|A0A077GN97_ACIBA,0.73388671875
tr|V5V9Q1|V5V9Q1_ACIBA,tr|A0A059ZHD8|A0A059ZHD8_ACIBA,0.73388671875
tr|A0A1E3M450|A0A1E3M450_ACIBA,tr|V5VHR7|V5VHR7_ACIBA,0.7333984375
tr|A0A1E3M3M8|A0A1E3M3M8_ACIBA,tr|A0A1E3M3N5|A0A1E3M3N5_ACIBA,0.73291015625
tr|A0A059ZND2|A0A059ZND2_ACIBA,tr|A0A1E3MBH2|A0A1E3MBH2_ACIBA,0.732421875
tr|A0A1E3M7E5|A0A1E3M7E5_ACIBA,tr|V5VGI5|V5VGI5_ACIBA,0.73193359375
tr|A0A1E3M5H2|A0A1E3M5H2_ACIBA,tr|A0A1E3M8I3|A0A1E3M8I3_ACIBA,0.7314453125
tr|V5VG71|V5VG71_ACIBA,tr|V5VDT3|V5VDT3_ACIBA,0.73046875
tr|A0A1E3M2R9|A0A1E3M2R9_ACIBA,tr|A0A1E3M5M9|A0A1E3M5M9_ACIBA,0.7294921875
tr|A0A059ZV46|A0A059ZV46_ACIBA,tr|A0A077GN97|A0A077GN97_ACIBA,0.7294921875
tr|A0A1E3M7L2|A0A1E3M7L2_ACIBA,tr|A0A1E3MBX9|A0A1E3MBX9_ACIBA,0.7294921875
tr|A0A1E3M544|A0A1E3M544_ACIBA,tr|A0A1E3M5Z6|A0A1E3M5Z6_ACIBA,0.72900390625
tr|Q5DL40|Q5DL40_ACIBA,tr|A0A059ZNU1|A0A059ZNU1_ACIBA,0.728515625
tr|A0A1E3M544|A0A1E3M544_ACIBA,tr|V5VFI2|V5VFI2_ACIBA,0.72802734375
tr|V5VGR2|V5VGR2_ACIBA,tr|A0A1V3D8R1|A0A1V3D8R1_ACIBA,0.72705078125
tr|A0A1E3MB59|A0A1E3MB59_ACIBA,tr|A0A059ZUB2|A0A059ZUB2_ACIBA,0.72705078125
tr|V5VHK1|V5VHK1_ACIBA,tr|A0A1E3M5M9|A0A1E3M5M9_ACIBA,0.7265625
tr|V5VC90|V5VC90_ACIBA,tr|A0A1E3M5S5|A0A1E3M5S5_ACIBA,0.72607421875
tr|A0A1E3M8J2|A0A1E3M8J2_ACIBA,tr|A0A1E3M5S4|A0A1E3M5S4_ACIBA,0.72607421875
tr|V5VBR5|V5VBR5_ACIBA,tr|A0A1E3M5S5|A0A1E3M5S5_ACIBA,0.72509765625
tr|V5VGN9|V5VGN9_ACIBA,tr|A0A1E3MBF9|A0A1E3MBF9_ACIBA,0.724609375
tr|A0A077GN97|A0A077GN97_ACIBA,tr|A0A090B695|A0A090B695_ACIBA,0.724609375
tr|A0A059ZJ17|A0A059ZJ17_ACIBA,tr|A0A1E3M5Y0|A0A1E3M5Y0_ACIBA,0.724609375
tr|A0A1E3M3N5|A0A1E3M3N5_ACIBA,tr|V5VC90|V5VC90_ACIBA,0.72412109375
tr|A0A059ZGV9|A0A059ZGV9_ACIBA,tr|A0A1E3M4J4|A0A1E3M4J4_ACIBA,0.72412109375
tr|A0A0D8GAT7|A0A0D8GAT7_ACIBA,tr|V5VE65|V5VE65_ACIBA,0.72412109375
tr|V5VG25|V5VG25_ACIBA,tr|V5VG30|V5VG30_ACIBA,0.72412109375
tr|A0A7U4X5T2|A0A7U4X5T2_ACIBA,tr|A0A059ZUB2|A0A059ZUB2_ACIBA,0.7236328125
tr|A0A1E3M2W1|A0A1E3M2W1_ACIBA,tr|A0A1E3M5Y0|A0A1E3M5Y0_ACIBA,0.7236328125
tr|V5VFJ3|V5VFJ3_ACIBA,tr|A0A1E3M5M9|A0A1E3M5M9_ACIBA,0.72314453125
tr|A0A1E3M3K9|A0A1E3M3K9_ACIBA,tr|A0A1E3M728|A0A1E3M728_ACIBA,0.72314453125
tr|A0A5P1UNA0|A0A5P1UNA0_ACIBA,tr|A0A077GN97|A0A077GN97_ACIBA,0.72314453125
tr|A0A0D5YLB1|A0A0D5YLB1_ACIBA,tr|A0A1E3MA06|A0A1E3MA06_ACIBA,0.72265625
tr|A0A1E3MBE7|A0A1E3MBE7_ACIBA,tr|A0A059ZGV9|A0A059ZGV9_ACIBA,0.72265625
tr|A0A1E3M5X7|A0A1E3M5X7_ACIBA,tr|A0A335FV52|A0A335FV52_ACIBA,0.72265625
tr|V5VHZ7|V5VHZ7_ACIBA,tr|V5VHG0|V5VHG0_ACIBA,0.72216796875
tr|V5VHQ9|V5VHQ9_ACIBA,tr|V5VHJ5|V5VHJ5_ACIBA,0.7216796875
tr|A0A1E3M4P4|A0A1E3M4P4_ACIBA,tr|A0A1E3M2N7|A0A1E3M2N7_ACIBA,0.72119140625
tr|A0A1E3M772|A0A1E3M772_ACIBA,tr|A0A098SM27|A0A098SM27_ACIBA,0.72119140625
tr|G1C6Z8|G1C6Z8_ACIBA,tr|A0A1E3MAZ9|A0A1E3MAZ9_ACIBA,0.72119140625
tr|V5VDT3|V5VDT3_ACIBA,tr|A0A086I1Z7|A0A086I1Z7_ACIBA,0.72119140625
tr|A0A1E3M902|A0A1E3M902_ACIBA,tr|A0A265A8E2|A0A265A8E2_ACIBA,0.72119140625
tr|A0A1E3M5M9|A0A1E3M5M9_ACIBA,tr|A0A1E3M3N5|A0A1E3M3N5_ACIBA,0.720703125
tr|V5V966|V5V966_ACIBA,tr|V5VBX8|V5VBX8_ACIBA,0.72021484375
tr|A0A0G4QNQ8|A0A0G4QNQ8_ACIBA,tr|A0A1E3M835|A0A1E3M835_ACIBA,0.7197265625
tr|V5VFJ3|V5VFJ3_ACIBA,tr|A0A1E3M3L6|A0A1E3M3L6_ACIBA,0.71923828125
tr|A0A1E3M8I3|A0A1E3M8I3_ACIBA,tr|A0A098SKY8|A0A098SKY8_ACIBA,0.71923828125
tr|A0A1E3M5M9|A0A1E3M5M9_ACIBA,tr|A0A1E3M3J4|A0A1E3M3J4_ACIBA,0.71923828125
tr|A0A1E3M8I3|A0A1E3M8I3_ACIBA,tr|A0A059ZQ79|A0A059ZQ79_ACIBA,0.71923828125
tr|A0A1E3M5Z6|A0A1E3M5Z6_ACIBA,tr|A0A090B695|A0A090B695_ACIBA,0.71875
tr|A0A059ZU64|A0A059ZU64_ACIBA,tr|A0A1E3MB59|A0A1E3MB59_ACIBA,0.7177734375
tr|V5V9Y3|V5V9Y3_ACIBA,tr|A0A5P1UK57|A0A5P1UK57_ACIBA,0.71728515625
tr|A0A1E3M2W1|A0A1E3M2W1_ACIBA,tr|A0A1E3M3N5|A0A1E3M3N5_ACIBA,0.716796875
tr|A0A1E3M797|A0A1E3M797_ACIBA,tr|V5V9N8|V5V9N8_ACIBA,0.716796875
tr|A0A1E3M544|A0A1E3M544_ACIBA,tr|A0A1E3M5S5|A0A1E3M5S5_ACIBA,0.716796875
tr|V5VHK4|V5VHK4_ACIBA,tr|V5VHG5|V5VHG5_ACIBA,0.71630859375
tr|A0A7U4X9P9|A0A7U4X9P9_ACIBA,tr|V5VDT3|V5VDT3_ACIBA,0.71630859375
tr|A0A059ZV46|A0A059ZV46_ACIBA,tr|A0A059ZQ79|A0A059ZQ79_ACIBA,0.71630859375
tr|V5VHJ5|V5VHJ5_ACIBA,tr|V5VA78|V5VA78_ACIBA,0.7158203125
tr|A0A1E3M772|A0A1E3M772_ACIBA,tr|A0A1E3M3L6|A0A1E3M3L6_ACIBA,0.71533203125
tr|A0A059ZND2|A0A059ZND2_ACIBA,tr|V5VAM3|V5VAM3_ACIBA,0.71533203125
tr|A0A1E3M6E5|A0A1E3M6E5_ACIBA,tr|A0A1A1STA6|A0A1A1STA6_ACIBA,0.7138671875
tr|A0A059ZRF5|A0A059ZRF5_ACIBA,tr|V5VDT3|V5VDT3_ACIBA,0.71337890625
tr|V5VB41|V5VB41_ACIBA,tr|V5VB52|V5VB52_ACIBA,0.7119140625
tr|A0A098SHG1|A0A098SHG1_ACIBA,tr|A0A1E3M849|A0A1E3M849_ACIBA,0.7119140625
tr|V5VFJ3|V5VFJ3_ACIBA,tr|A0A0G4QSW7|A0A0G4QSW7_ACIBA,0.7119140625
tr|V5VDL9|V5VDL9_ACIBA,tr|V5VDM2|V5VDM2_ACIBA,0.7119140625
tr|A0A5P1UNA0|A0A5P1UNA0_ACIBA,tr|A0A1E3M8I3|A0A1E3M8I3_ACIBA,0.71142578125
tr|A0A077GH01|A0A077GH01_ACIBA,tr|A0A1E3M1T3|A0A1E3M1T3_ACIBA,0.71142578125
tr|A0A1E3M3L6|A0A1E3M3L6_ACIBA,tr|A0A1E3M2N7|A0A1E3M2N7_ACIBA,0.7109375
tr|A0A059ZJ17|A0A059ZJ17_ACIBA,tr|V5VDA7|V5VDA7_ACIBA,0.7109375
tr|V5VC16|V5VC16_ACIBA,tr|V5VCD9|V5VCD9_ACIBA,0.7109375
tr|A0A077GN97|A0A077GN97_ACIBA,tr|A0A1E3M8J2|A0A1E3M8J2_ACIBA,0.7109375
tr|A0A0H4UDC0|A0A0H4UDC0_ACIBA,tr|A0A1E3M633|A0A1E3M633_ACIBA,0.7099609375
tr|V5VEB8|V5VEB8_ACIBA,tr|V5VDT3|V5VDT3_ACIBA,0.70947265625
tr|A0A1E3M763|A0A1E3M763_ACIBA,tr|A0A059ZTY9|A0A059ZTY9_ACIBA,0.70947265625
tr|V5VH51|V5VH51_ACIBA,tr|V5VB25|V5VB25_ACIBA,0.70947265625
tr|V5V9Y6|V5V9Y6_ACIBA,tr|A0A0H4UWN7|A0A0H4UWN7_ACIBA,0.70947265625
tr|A0A1E3M5X7|A0A1E3M5X7_ACIBA,tr|A0A059ZKT7|A0A059ZKT7_ACIBA,0.708984375
tr|V5VGM1|V5VGM1_ACIBA,tr|A0A098SHG1|A0A098SHG1_ACIBA,0.708984375
tr|A0A059ZKT7|A0A059ZKT7_ACIBA,tr|V5VJG0|V5VJG0_ACIBA,0.708984375
tr|A0A1E3M544|A0A1E3M544_ACIBA,tr|A0A1E3M5H2|A0A1E3M5H2_ACIBA,0.70849609375
tr|A0A059ZGV9|A0A059ZGV9_ACIBA,tr|V5VCK8|V5VCK8_ACIBA,0.70849609375
tr|A0A0B9W5M8|A0A0B9W5M8_ACIBA,tr|V5VF03|V5VF03_ACIBA,0.70849609375
tr|A0A077GN97|A0A077GN97_ACIBA,tr|A0A059ZKT7|A0A059ZKT7_ACIBA,0.7080078125
tr|V5VB41|V5VB41_ACIBA,tr|A0A1E3M9J9|A0A1E3M9J9_ACIBA,0.7080078125
tr|A0A1E3M3L6|A0A1E3M3L6_ACIBA,tr|A0A077GN97|A0A077GN97_ACIBA,0.70703125
tr|A0A090B695|A0A090B695_ACIBA,tr|A0A1E3M5S4|A0A1E3M5S4_ACIBA,0.70703125
tr|V5VEU7|V5VEU7_ACIBA,tr|A0A1E3M5S4|A0A1E3M5S4_ACIBA,0.70703125
tr|V5VBR5|V5VBR5_ACIBA,tr|A0A1E3M3N5|A0A1E3M3N5_ACIBA,0.7060546875
tr|A0A1E3M7L2|A0A1E3M7L2_ACIBA,tr|A0A1E3M5N6|A0A1E3M5N6_ACIBA,0.70556640625
tr|V5VH51|V5VH51_ACIBA,tr|A0A059ZL92|A0A059ZL92_ACIBA,0.70458984375
tr|V5VBR5|V5VBR5_ACIBA,tr|A0A1E3M5Y0|A0A1E3M5Y0_ACIBA,0.70361328125
tr|A0A1E3M7F2|A0A1E3M7F2_ACIBA,tr|V5VGH4|V5VGH4_ACIBA,0.70361328125
tr|A0A1E3M3N7|A0A1E3M3N7_ACIBA,tr|V5VHR7|V5VHR7_ACIBA,0.70263671875
tr|A0A077GGD9|A0A077GGD9_ACIBA,tr|V5VE65|V5VE65_ACIBA,0.7021484375
tr|A0A0D5YI70|A0A0D5YI70_ACIBA,tr|A0A1E3M393|A0A1E3M393_ACIBA,0.7021484375
tr|A0A1E3M772|A0A1E3M772_ACIBA,tr|V5VBL5|V5VBL5_ACIBA,0.7021484375
tr|A0A1E3M8I3|A0A1E3M8I3_ACIBA,tr|A0A1E3M2N7|A0A1E3M2N7_ACIBA,0.70166015625
tr|A0A1E3M544|A0A1E3M544_ACIBA,tr|V5VFJ3|V5VFJ3_ACIBA,0.70166015625
tr|A0A1E3M5X7|A0A1E3M5X7_ACIBA,tr|A0A1E3M5M9|A0A1E3M5M9_ACIBA,0.70166015625
tr|A0A1E3M5S5|A0A1E3M5S5_ACIBA,tr|A0A059ZN38|A0A059ZN38_ACIBA,0.701171875
tr|A0A0D8GAT7|A0A0D8GAT7_ACIBA,tr|A0A098SM27|A0A098SM27_ACIBA,0.701171875
tr|V5VIQ3|V5VIQ3_ACIBA,tr|V5VG26|V5VG26_ACIBA,0.701171875
tr|A0A1E3M5Z6|A0A1E3M5Z6_ACIBA,tr|A0A1E3M8I3|A0A1E3M8I3_ACIBA,0.70068359375
tr|A0A7U4X7B8|A0A7U4X7B8_ACIBA,tr|V5V9V9|V5V9V9_ACIBA,0.70068359375
tr|A0A7H1NVT4|A0A7H1NVT4_ACIBA,tr|V5VIA8|V5VIA8_ACIBA,0.69970703125
tr|V5VBV5|V5VBV5_ACIBA,tr|V5VDT3|V5VDT3_ACIBA,0.69970703125
tr|A0A1E3MBH2|A0A1E3MBH2_ACIBA,tr|V5VA62|V5VA62_ACIBA,0.69921875
tr|A0A1E3M2W1|A0A1E3M2W1_ACIBA,tr|A0A1E3M3D6|A0A1E3M3D6_ACIBA,0.6982421875
tr|V5V9Y6|V5V9Y6_ACIBA,tr|A0A1E3M633|A0A1E3M633_ACIBA,0.6982421875
tr|A0A335FV52|A0A335FV52_ACIBA,tr|A0A0D8GAT7|A0A0D8GAT7_ACIBA,0.697265625
tr|V5VGC7|V5VGC7_ACIBA,tr|A0A0H4UIQ5|A0A0H4UIQ5_ACIBA,0.697265625
tr|A0A1E3M5H2|A0A1E3M5H2_ACIBA,tr|A0A1E3M3M8|A0A1E3M3M8_ACIBA,0.69677734375
tr|V5VDJ8|V5VDJ8_ACIBA,tr|V5VCB4|V5VCB4_ACIBA,0.69677734375
tr|A0A241ZFM7|A0A241ZFM7_ACIBA,tr|V5VGU9|V5VGU9_ACIBA,0.6962890625
tr|A0A059ZUB2|A0A059ZUB2_ACIBA,tr|A0A1E3M3N7|A0A1E3M3N7_ACIBA,0.6962890625
tr|A0A1E3M8I3|A0A1E3M8I3_ACIBA,tr|V5VHK1|V5VHK1_ACIBA,0.6962890625
tr|V5VAY8|V5VAY8_ACIBA,tr|A0A1E3M8I3|A0A1E3M8I3_ACIBA,0.69580078125
tr|A0A1E3M4P4|A0A1E3M4P4_ACIBA,tr|A0A0D8GAT7|A0A0D8GAT7_ACIBA,0.69580078125
tr|V5VHQ9|V5VHQ9_ACIBA,tr|V5VGI5|V5VGI5_ACIBA,0.69482421875
tr|A0A1E3MDG8|A0A1E3MDG8_ACIBA,tr|A0A335FV52|A0A335FV52_ACIBA,0.69482421875
tr|V5VGN5|V5VGN5_ACIBA,tr|V5VGL6|V5VGL6_ACIBA,0.693359375
tr|V5VB91|V5VB91_ACIBA,tr|A0A1E3M4A4|A0A1E3M4A4_ACIBA,0.693359375
tr|V5VHU8|V5VHU8_ACIBA,tr|V5VG32|V5VG32_ACIBA,0.693359375
tr|A0A1E3M2R9|A0A1E3M2R9_ACIBA,tr|A0A0G4QSW7|A0A0G4QSW7_ACIBA,0.69287109375
tr|V5V9P8|V5V9P8_ACIBA,tr|V5V989|V5V989_ACIBA,0.69287109375
tr|V5VHN5|V5VHN5_ACIBA,tr|A0A0H4UXF5|A0A0H4UXF5_ACIBA,0.69189453125
tr|V5VAG5|V5VAG5_ACIBA,tr|V5V9M8|V5V9M8_ACIBA,0.69189453125
tr|A0A335FV52|A0A335FV52_ACIBA,tr|A0A1E3M641|A0A1E3M641_ACIBA,0.69189453125
tr|V5V9F4|V5V9F4_ACIBA,tr|A0A335FV52|A0A335FV52_ACIBA,0.69140625
tr|A0A1E3M4P4|A0A1E3M4P4_ACIBA,tr|A0A059ZQ79|A0A059ZQ79_ACIBA,0.69140625
tr|V5VE66|V5VE66_ACIBA,tr|A0A059ZHT8|A0A059ZHT8_ACIBA,0.6904296875
tr|A0A1E3MBY8|A0A1E3MBY8_ACIBA,tr|A0A335FV52|A0A335FV52_ACIBA,0.6904296875
tr|V5V9H7|V5V9H7_ACIBA,tr|V5VDC6|V5VDC6_ACIBA,0.689453125
tr|V5VHK1|V5VHK1_ACIBA,tr|A0A1E3M544|A0A1E3M544_ACIBA,0.689453125
tr|A0A084XPW4|A0A084XPW4_ACIBA,tr|V5VC90|V5VC90_ACIBA,0.68896484375
tr|A0A059ZV46|A0A059ZV46_ACIBA,tr|A0A1E3M1Y5|A0A1E3M1Y5_ACIBA,0.68896484375
tr|A0A1E3M844|A0A1E3M844_ACIBA,tr|V5VG19|V5VG19_ACIBA,0.6884765625
tr|A0A1E3MBE7|A0A1E3MBE7_ACIBA,tr|A0A059ZND2|A0A059ZND2_ACIBA,0.6884765625
tr|A0A1E3M856|A0A1E3M856_ACIBA,tr|A0A098SM27|A0A098SM27_ACIBA,0.6884765625
tr|A0A5P1UNA0|A0A5P1UNA0_ACIBA,tr|A0A1E3M2W1|A0A1E3M2W1_ACIBA,0.68798828125
tr|V5VHT4|V5VHT4_ACIBA,tr|A0A0G4QSW7|A0A0G4QSW7_ACIBA,0.6875
tr|V5V944|V5V944_ACIBA,tr|V5V9F2|V5V9F2_ACIBA,0.68701171875
tr|A0A1E3M544|A0A1E3M544_ACIBA,tr|A0A059ZQ79|A0A059ZQ79_ACIBA,0.68701171875
tr|A0A1E3M1U5|A0A1E3M1U5_ACIBA,tr|A0A1E3M1Z1|A0A1E3M1Z1_ACIBA,0.68603515625
tr|V5VBL5|V5VBL5_ACIBA,tr|V5VBI8|V5VBI8_ACIBA,0.68603515625
tr|V5V8H7|V5V8H7_ACIBA,tr|A0A1E3M1K3|A0A1E3M1K3_ACIBA,0.685546875
tr|A0A1E3M2R9|A0A1E3M2R9_ACIBA,tr|A0A1E3M544|A0A1E3M544_ACIBA,0.68505859375
tr|A0A0F5WZ42|A0A0F5WZ42_ACIBA,tr|A0A077GS64|A0A077GS64_ACIBA,0.68505859375
tr|V5V9F4|V5V9F4_ACIBA,tr|A0A1E3M5M9|A0A1E3M5M9_ACIBA,0.68408203125
tr|A0A1E3M2N7|A0A1E3M2N7_ACIBA,tr|A0A1E3M3M8|A0A1E3M3M8_ACIBA,0.68359375
tr|A0A1E3M244|A0A1E3M244_ACIBA,tr|V5VGM1|V5VGM1_ACIBA,0.68310546875
tr|V5VFT6|V5VFT6_ACIBA,tr|A0A059ZUB2|A0A059ZUB2_ACIBA,0.68310546875
tr|A0A098SM27|A0A098SM27_ACIBA,tr|A0A098SKY8|A0A098SKY8_ACIBA,0.68310546875
tr|A0A059ZQ79|A0A059ZQ79_ACIBA,tr|V5VC90|V5VC90_ACIBA,0.68310546875
tr|A0A1E3M6B6|A0A1E3M6B6_ACIBA,tr|V5VHR7|V5VHR7_ACIBA,0.6826171875
tr|V5VCC3|V5VCC3_ACIBA,tr|V5VGI9|V5VGI9_ACIBA,0.681640625
tr|A0A1E3M2W1|A0A1E3M2W1_ACIBA,tr|A0A1E3M2R9|A0A1E3M2R9_ACIBA,0.68115234375
tr|A0A0J8T362|A0A0J8T362_ACIBA,tr|A0A1E3M653|A0A1E3M653_ACIBA,0.68115234375
tr|A0A1E3M3L6|A0A1E3M3L6_ACIBA,tr|A0A1E3M5S5|A0A1E3M5S5_ACIBA,0.6806640625
tr|A0A7U4X5T2|A0A7U4X5T2_ACIBA,tr|A0A1E3M5Z3|A0A1E3M5Z3_ACIBA,0.6806640625
tr|A0A0G4QSW7|A0A0G4QSW7_ACIBA,tr|A0A1E3M3J4|A0A1E3M3J4_ACIBA,0.67919921875
tr|V5VGB4|V5VGB4_ACIBA,tr|A0A1E3MBF9|A0A1E3MBF9_ACIBA,0.67822265625
tr|A0A1L5TK30|A0A1L5TK30_ACIBA,tr|A0A059ZUB2|A0A059ZUB2_ACIBA,0.67724609375
tr|V5VBR5|V5VBR5_ACIBA,tr|A0A1E3M856|A0A1E3M856_ACIBA,0.6767578125
tr|A0A1E3M5W1|A0A1E3M5W1_ACIBA,tr|V5VHR7|V5VHR7_ACIBA,0.6767578125
tr|A0A1E3M5K2|A0A1E3M5K2_ACIBA,tr|A0A059ZLC4|A0A059ZLC4_ACIBA,0.67626953125
tr|V5VDU5|V5VDU5_ACIBA,tr|V5VHN5|V5VHN5_ACIBA,0.67626953125
tr|A0A1E3M4C1|A0A1E3M4C1_ACIBA,tr|A0A1E3M805|A0A1E3M805_ACIBA,0.67578125
tr|A0A059ZNU1|A0A059ZNU1_ACIBA,tr|A0A335FV52|A0A335FV52_ACIBA,0.67578125
tr|A0A1E3M856|A0A1E3M856_ACIBA,tr|V5VBL5|V5VBL5_ACIBA,0.67529296875
tr|A0A059ZKT7|A0A059ZKT7_ACIBA,tr|A0A0D8GAT7|A0A0D8GAT7_ACIBA,0.67431640625
tr|A0A1E3M244|A0A1E3M244_ACIBA,tr|Q2VSW5|Q2VSW5_ACIBA,0.67431640625
tr|A0A059ZJS0|A0A059ZJS0_ACIBA,tr|A0A1E3M4J4|A0A1E3M4J4_ACIBA,0.673828125
tr|A0A1E3M8I3|A0A1E3M8I3_ACIBA,tr|V5VDA7|V5VDA7_ACIBA,0.67333984375
tr|A0A1E3M4I2|A0A1E3M4I2_ACIBA,tr|V5VBV8|V5VBV8_ACIBA,0.6728515625
tr|V5VDA7|V5VDA7_ACIBA,tr|A0A059ZKT7|A0A059ZKT7_ACIBA,0.6728515625
tr|A0A077GTH3|A0A077GTH3_ACIBA,tr|A0A1E3M9S6|A0A1E3M9S6_ACIBA,0.67236328125
tr|V5VDA7|V5VDA7_ACIBA,tr|V5VBL5|V5VBL5_ACIBA,0.671875
tr|A0A1E3M7A2|A0A1E3M7A2_ACIBA,tr|A0A0B9W5M8|A0A0B9W5M8_ACIBA,0.671875
tr|A0A1E3M3L6|A0A1E3M3L6_ACIBA,tr|A0A1E3M5H2|A0A1E3M5H2_ACIBA,0.6708984375
tr|V5V9K5|V5V9K5_ACIBA,tr|A0A086HZU3|A0A086HZU3_ACIBA,0.6708984375
tr|A0A7U4X5T2|A0A7U4X5T2_ACIBA,tr|A0A1E3M6B6|A0A1E3M6B6_ACIBA,0.67041015625
tr|A0A090B695|A0A090B695_ACIBA,tr|V5VAY8|V5VAY8_ACIBA,0.6689453125
tr|V5VDM2|V5VDM2_ACIBA,tr|A0A1E3M3N7|A0A1E3M3N7_ACIBA,0.66796875
tr|A0A1E3M3D6|A0A1E3M3D6_ACIBA,tr|A0A1E3M3M8|A0A1E3M3M8_ACIBA,0.66796875
tr|A0A0D5YLB1|A0A0D5YLB1_ACIBA,tr|V5VC14|V5VC14_ACIBA,0.66796875
tr|V5VB15|V5VB15_ACIBA,tr|A0A098SM27|A0A098SM27_ACIBA,0.66748046875
tr|A0A5P1UNA0|A0A5P1UNA0_ACIBA,tr|A0A1E3M1Y5|A0A1E3M1Y5_ACIBA,0.66650390625
tr|A0A1E3M2P6|A0A1E3M2P6_ACIBA,tr|V5VES8|V5VES8_ACIBA,0.66650390625
tr|A0A077GGD9|A0A077GGD9_ACIBA,tr|A0A0H4UWN7|A0A0H4UWN7_ACIBA,0.666015625
tr|A0A7X4Z1N2|A0A7X4Z1N2_ACIBA,tr|V5VES8|V5VES8_ACIBA,0.666015625
tr|A0A5P1UG99|A0A5P1UG99_ACIBA,tr|A0A1E3M8A9|A0A1E3M8A9_ACIBA,0.666015625
tr|A0A1E3M8J2|A0A1E3M8J2_ACIBA,tr|V5VFI2|V5VFI2_ACIBA,0.66552734375
tr|Q5DL40|Q5DL40_ACIBA,tr|A0A1E3M5Y0|A0A1E3M5Y0_ACIBA,0.66552734375
tr|A0A0D8GAT7|A0A0D8GAT7_ACIBA,tr|A0A1E3M5M9|A0A1E3M5M9_ACIBA,0.6650390625
tr|A0A081H968|A0A081H968_ACIBA,tr|A0A077GTS2|A0A077GTS2_ACIBA,0.6650390625
tr|V5VAD8|V5VAD8_ACIBA,tr|V5V989|V5V989_ACIBA,0.66455078125
tr|A0A0E1JJV0|A0A0E1JJV0_ACIBA,tr|A0A098SHG1|A0A098SHG1_ACIBA,0.66455078125
tr|A0A086HZU3|A0A086HZU3_ACIBA,tr|A0A1E3M856|A0A1E3M856_ACIBA,0.6640625
tr|V5V966|V5V966_ACIBA,tr|A0A0H4UN33|A0A0H4UN33_ACIBA,0.66357421875
tr|A0A1E3M244|A0A1E3M244_ACIBA,tr|A0A1E3M7C5|A0A1E3M7C5_ACIBA,0.6630859375
tr|A0A5P1UNA0|A0A5P1UNA0_ACIBA,tr|A0A1E3M3D6|A0A1E3M3D6_ACIBA,0.6630859375
tr|V5VF03|V5VF03_ACIBA,tr|A0A1E3MD29|A0A1E3MD29_ACIBA,0.6630859375
tr|A0A059ZHT8|A0A059ZHT8_ACIBA,tr|V5VH86|V5VH86_ACIBA,0.66259765625
tr|A0A1E3M5H2|A0A1E3M5H2_ACIBA,tr|A0A059ZN38|A0A059ZN38_ACIBA,0.66162109375
tr|A0A077GGD9|A0A077GGD9_ACIBA,tr|A0A098SM27|A0A098SM27_ACIBA,0.6611328125
tr|A0A1E3M3M8|A0A1E3M3M8_ACIBA,tr|A0A098SKY8|A0A098SKY8_ACIBA,0.6611328125
tr|A0A1E3M1Z6|A0A1E3M1Z6_ACIBA,tr|A0A1E3M244|A0A1E3M244_ACIBA,0.6611328125
tr|V5VFS5|V5VFS5_ACIBA,tr|V5VAW7|V5VAW7_ACIBA,0.6611328125
tr|V5V9P9|V5V9P9_ACIBA,tr|V5V9N8|V5V9N8_ACIBA,0.6611328125
tr|A0A1E3M3L6|A0A1E3M3L6_ACIBA,tr|A0A1E3M5S4|A0A1E3M5S4_ACIBA,0.66064453125
tr|A0A1E3M6E5|A0A1E3M6E5_ACIBA,tr|V5VGD7|V5VGD7_ACIBA,0.66064453125
tr|A0A1E3MA61|A0A1E3MA61_ACIBA,tr|A0A241ZFM7|A0A241ZFM7_ACIBA,0.66015625
tr|A0A7U4X5T2|A0A7U4X5T2_ACIBA,tr|A0A1E3MA15|A0A1E3MA15_ACIBA,0.66015625
tr|A0A1E3M533|A0A1E3M533_ACIBA,tr|A0A1E3MBE7|A0A1E3MBE7_ACIBA,0.6591796875
tr|A0A077GIW6|A0A077GIW6_ACIBA,tr|A0A1E3M533|A0A1E3M533_ACIBA,0.65869140625
tr|A0A059ZGH7|A0A059ZGH7_ACIBA,tr|A0A1E3M4V5|A0A1E3M4V5_ACIBA,0.658203125
tr|V5VGB4|V5VGB4_ACIBA,tr|A0A0H4UWN7|A0A0H4UWN7_ACIBA,0.658203125
tr|A0A1E3M7K4|A0A1E3M7K4_ACIBA,tr|V5VHR7|V5VHR7_ACIBA,0.65771484375
tr|V5VAR4|V5VAR4_ACIBA,tr|A0A1E3M5Y2|A0A1E3M5Y2_ACIBA,0.65771484375
tr|V5VBR5|V5VBR5_ACIBA,tr|A0A1E3M5Z6|A0A1E3M5Z6_ACIBA,0.6572265625
tr|V5VAN7|V5VAN7_ACIBA,tr|A0A1E3M902|A0A1E3M902_ACIBA,0.65673828125
tr|V5VBR5|V5VBR5_ACIBA,tr|V5VJG0|V5VJG0_ACIBA,0.65673828125
tr|V5VBV1|V5VBV1_ACIBA,tr|A0A059ZUB2|A0A059ZUB2_ACIBA,0.65673828125
tr|A0A0D8GAT7|A0A0D8GAT7_ACIBA,tr|A0A1E3M728|A0A1E3M728_ACIBA,0.65625
tr|A0A1E3M3M8|A0A1E3M3M8_ACIBA,tr|V5VHT4|V5VHT4_ACIBA,0.65576171875
tr|V5VC90|V5VC90_ACIBA,tr|V5VDA7|V5VDA7_ACIBA,0.65576171875
tr|V5VBI8|V5VBI8_ACIBA,tr|A0A335FV52|A0A335FV52_ACIBA,0.65576171875
tr|A0A7U4X6S3|A0A7U4X6S3_ACIBA,tr|V5VBV8|V5VBV8_ACIBA,0.65478515625
tr|A0A1E3MAN2|A0A1E3MAN2_ACIBA,tr|A0A0H4UDL7|A0A0H4UDL7_ACIBA,0.65478515625
tr|V5VAW7|V5VAW7_ACIBA,tr|V5VIH3|V5VIH3_ACIBA,0.65478515625
tr|A0A1E3MD29|A0A1E3MD29_ACIBA,tr|A0A1E3M7A2|A0A1E3M7A2_ACIBA,0.6533203125
tr|V5VIG0|V5VIG0_ACIBA,tr|A0A5P1UNA0|A0A5P1UNA0_ACIBA,0.65283203125
tr|V5VB15|V5VB15_ACIBA,tr|A0A1E3M3L6|A0A1E3M3L6_ACIBA,0.65283203125
tr|A0A059ZM61|A0A059ZM61_ACIBA,tr|A0A0J8TH59|A0A0J8TH59_ACIBA,0.65234375
tr|A0A1E3M5Z3|A0A1E3M5Z3_ACIBA,tr|V5VHR7|V5VHR7_ACIBA,0.65234375
tr|A0A7U4X5T2|A0A7U4X5T2_ACIBA,tr|V5VHR7|V5VHR7_ACIBA,0.65185546875
tr|A0A5P1UNA0|A0A5P1UNA0_ACIBA,tr|A0A1E3M3N5|A0A1E3M3N5_ACIBA,0.65185546875
tr|A0A1E3M3L6|A0A1E3M3L6_ACIBA,tr|V5VFI2|V5VFI2_ACIBA,0.65185546875
tr|A0A0D8G707|A0A0D8G707_ACIBA,tr|A0A1E3M8I3|A0A1E3M8I3_ACIBA,0.6513671875
tr|V5VB15|V5VB15_ACIBA,tr|V5VE65|V5VE65_ACIBA,0.6513671875
tr|A0A081H230|A0A081H230_ACIBA,tr|V5V975|V5V975_ACIBA,0.6513671875
tr|A0A077GTB2|A0A077GTB2_ACIBA,tr|A0A059ZUB2|A0A059ZUB2_ACIBA,0.65087890625
tr|A0A090B695|A0A090B695_ACIBA,tr|V5VDA7|V5VDA7_ACIBA,0.65087890625
tr|V5V9F4|V5V9F4_ACIBA,tr|A0A1E3M544|A0A1E3M544_ACIBA,0.650390625
tr|A0A1E3M902|A0A1E3M902_ACIBA,tr|V5VG71|V5VG71_ACIBA,0.650390625
tr|V5VGB4|V5VGB4_ACIBA,tr|A0A0G3D1F5|A0A0G3D1F5_ACIBA,0.650390625
tr|V5V9B2|V5V9B2_ACIBA,tr|V5VBD5|V5VBD5_ACIBA,0.650390625
tr|A0A059ZKT7|A0A059ZKT7_ACIBA,tr|A0A1E3M5S5|A0A1E3M5S5_ACIBA,0.650390625
tr|A0A1E3M1T3|A0A1E3M1T3_ACIBA,tr|A0A0J8TH59|A0A0J8TH59_ACIBA,0.64990234375
tr|V5VDM2|V5VDM2_ACIBA,tr|A0A1E3MBD4|A0A1E3MBD4_ACIBA,0.64990234375
tr|V5V9N0|V5V9N0_ACIBA,tr|V5VGE8|V5VGE8_ACIBA,0.64892578125
tr|V5VFJ3|V5VFJ3_ACIBA,tr|A0A059ZKT7|A0A059ZKT7_ACIBA,0.6484375
tr|V5VJG0|V5VJG0_ACIBA,tr|A0A1E3M3M8|A0A1E3M3M8_ACIBA,0.6484375
tr|A0A1A9L379|A0A1A9L379_ACIBA,tr|A0A1E3M1K3|A0A1E3M1K3_ACIBA,0.6484375
tr|A0A0H4UIQ5|A0A0H4UIQ5_ACIBA,tr|A0A059ZUB2|A0A059ZUB2_ACIBA,0.6484375
tr|A0A0H4UDC0|A0A0H4UDC0_ACIBA,tr|A0A1E3MBF9|A0A1E3MBF9_ACIBA,0.6474609375
tr|A0A1E3M7K4|A0A1E3M7K4_ACIBA,tr|A0A059ZUB2|A0A059ZUB2_ACIBA,0.64697265625
tr|A0A059ZV46|A0A059ZV46_ACIBA,tr|A0A1E3M8F5|A0A1E3M8F5_ACIBA,0.64697265625
tr|A0A1E3M5Z3|A0A1E3M5Z3_ACIBA,tr|V5VGC7|V5VGC7_ACIBA,0.64697265625
tr|V5V9N0|V5V9N0_ACIBA,tr|V5VF95|V5VF95_ACIBA,0.64697265625
tr|A0A1E3M816|A0A1E3M816_ACIBA,tr|V5VHJ1|V5VHJ1_ACIBA,0.64697265625
tr|A0A0H4UN33|A0A0H4UN33_ACIBA,tr|V5VD32|V5VD32_ACIBA,0.646484375
tr|A0A0D5YI70|A0A0D5YI70_ACIBA,tr|A0A1E3M366|A0A1E3M366_ACIBA,0.646484375
tr|V5VDU5|V5VDU5_ACIBA,tr|V5VH86|V5VH86_ACIBA,0.646484375
tr|A0A0E4HKZ8|A0A0E4HKZ8_ACIBA,tr|V5V7W3|V5V7W3_ACIBA,0.646484375
tr|A0A059ZV46|A0A059ZV46_ACIBA,tr|A0A1E3M8I3|A0A1E3M8I3_ACIBA,0.64599609375
tr|V5V9B2|V5V9B2_ACIBA,tr|A0A1E3M9L1|A0A1E3M9L1_ACIBA,0.6455078125
tr|A0A059ZV46|A0A059ZV46_ACIBA,tr|A0A1E3M5S5|A0A1E3M5S5_ACIBA,0.6455078125
tr|A0A1E3M7W7|A0A1E3M7W7_ACIBA,tr|A0A0E1FFQ5|A0A0E1FFQ5_ACIBA,0.64501953125
tr|V5VDT3|V5VDT3_ACIBA,tr|A0A265A8E2|A0A265A8E2_ACIBA,0.64453125
tr|V5VHQ9|V5VHQ9_ACIBA,tr|A0A1E3MBS1|A0A1E3MBS1_ACIBA,0.64404296875
tr|V5VAP2|V5VAP2_ACIBA,tr|A0A0D8FGA4|A0A0D8FGA4_ACIBA,0.6435546875
tr|A0A1E3M1Z1|A0A1E3M1Z1_ACIBA,tr|A0A1L5TS46|A0A1L5TS46_ACIBA,0.6435546875
tr|A0A090BBP5|A0A090BBP5_ACIBA,tr|V5VBR0|V5VBR0_ACIBA,0.6435546875
tr|A0A5P1UGM8|A0A5P1UGM8_ACIBA,tr|A0A335FV52|A0A335FV52_ACIBA,0.6435546875
tr|V5V9J7|V5V9J7_ACIBA,tr|A0A7U4X6Q0|A0A7U4X6Q0_ACIBA,0.64306640625
tr|A0A1E3M844|A0A1E3M844_ACIBA,tr|A0A1E3M898|A0A1E3M898_ACIBA,0.64306640625
tr|V5VB41|V5VB41_ACIBA,tr|V5VHM9|V5VHM9_ACIBA,0.64306640625
tr|A0A1E3M1E3|A0A1E3M1E3_ACIBA,tr|A0A059ZF92|A0A059ZF92_ACIBA,0.64306640625
tr|A0A059ZUB2|A0A059ZUB2_ACIBA,tr|A0A1E3M5Z3|A0A1E3M5Z3_ACIBA,0.64306640625
tr|V5VBV8|V5VBV8_ACIBA,tr|A0A241ZFM7|A0A241ZFM7_ACIBA,0.64306640625
tr|V5VE65|V5VE65_ACIBA,tr|A0A1E3M3N5|A0A1E3M3N5_ACIBA,0.64306640625
tr|A0A1E3M1R5|A0A1E3M1R5_ACIBA,tr|A0A1E3M9V5|A0A1E3M9V5_ACIBA,0.642578125
tr|V5V9F4|V5V9F4_ACIBA,tr|V5VE65|V5VE65_ACIBA,0.64208984375
sp|A0A1E3M8P2|BAUF_ACIBA,tr|V5VHR7|V5VHR7_ACIBA,0.64208984375
tr|V5VHR7|V5VHR7_ACIBA,tr|V5VHP1|V5VHP1_ACIBA,0.64111328125
tr|V5VGE5|V5VGE5_ACIBA,tr|V5VG26|V5VG26_ACIBA,0.64111328125
tr|V5VAB7|V5VAB7_ACIBA,tr|G1C6Z8|G1C6Z8_ACIBA,0.640625
tr|V5VEU7|V5VEU7_ACIBA,tr|A0A077GN97|A0A077GN97_ACIBA,0.640625
tr|V5V8P2|V5V8P2_ACIBA,tr|V5VHJ5|V5VHJ5_ACIBA,0.64013671875
tr|V5V9F4|V5V9F4_ACIBA,tr|A0A1E3M3M8|A0A1E3M3M8_ACIBA,0.64013671875
tr|A0A1E3M4Y0|A0A1E3M4Y0_ACIBA,tr|A0A1E3MA05|A0A1E3MA05_ACIBA,0.64013671875
tr|A0A081H0F9|A0A081H0F9_ACIBA,tr|A0A1E3M700|A0A1E3M700_ACIBA,0.63916015625
tr|A0A1E3M728|A0A1E3M728_ACIBA,tr|A0A1E3M2N7|A0A1E3M2N7_ACIBA,0.63916015625
tr|A0A1E3MD29|A0A1E3MD29_ACIBA,tr|V5VHL8|V5VHL8_ACIBA,0.63916015625
tr|A0A1E3M8Z7|A0A1E3M8Z7_ACIBA,tr|A0A1E3M2W9|A0A1E3M2W9_ACIBA,0.63916015625
tr|V5VAI5|V5VAI5_ACIBA,tr|V5V9P3|V5V9P3_ACIBA,0.63916015625
tr|A0A1E3M2W1|A0A1E3M2W1_ACIBA,tr|A0A1E3M5Z6|A0A1E3M5Z6_ACIBA,0.638671875
tr|A0A0D8FLF9|A0A0D8FLF9_ACIBA,tr|V5VHR7|V5VHR7_ACIBA,0.638671875
tr|A0A077GGD9|A0A077GGD9_ACIBA,tr|A0A1E3MB90|A0A1E3MB90_ACIBA,0.6376953125
tr|A0A1E3M641|A0A1E3M641_ACIBA,tr|A0A1E3M5M9|A0A1E3M5M9_ACIBA,0.6376953125
tr|A0A059ZV46|A0A059ZV46_ACIBA,tr|A0A098SKY8|A0A098SKY8_ACIBA,0.6376953125
tr|A0A1E3M5X7|A0A1E3M5X7_ACIBA,tr|A0A1E3M3L6|A0A1E3M3L6_ACIBA,0.6376953125
tr|A0A1E3MB54|A0A1E3MB54_ACIBA,tr|A0A0H4UYK2|A0A0H4UYK2_ACIBA,0.6376953125
tr|V5VCB3|V5VCB3_ACIBA,tr|A0A1E3M7E5|A0A1E3M7E5_ACIBA,0.63720703125
tr|A0A1E3M3J4|A0A1E3M3J4_ACIBA,tr|A0A1E3M2W1|A0A1E3M2W1_ACIBA,0.63720703125
tr|V5VB25|V5VB25_ACIBA,tr|A0A059ZGZ2|A0A059ZGZ2_ACIBA,0.63720703125
tr|A0A0H4U8G8|A0A0H4U8G8_ACIBA,tr|A0A1E3M8A1|A0A1E3M8A1_ACIBA,0.63720703125
tr|A0A0B9XB88|A0A0B9XB88_ACIBA,tr|A0A335FV52|A0A335FV52_ACIBA,0.63671875
tr|A0A1E3M8I3|A0A1E3M8I3_ACIBA,tr|V5VFJ3|V5VFJ3_ACIBA,0.63671875
tr|A0A1E3M5K2|A0A1E3M5K2_ACIBA,tr|A0A1E3M495|A0A1E3M495_ACIBA,0.63623046875
tr|A0A098SKY8|A0A098SKY8_ACIBA,tr|V5VC90|V5VC90_ACIBA,0.6357421875
tr|V5VB41|V5VB41_ACIBA,tr|A0A1E3M4V1|A0A1E3M4V1_ACIBA,0.6357421875
tr|V5VAV5|V5VAV5_ACIBA,tr|A0A7U4X7B8|A0A7U4X7B8_ACIBA,0.6357421875
tr|A0A1A1SVI5|A0A1A1SVI5_ACIBA,tr|V5VGV9|V5VGV9_ACIBA,0.63525390625
tr|A0A0H4UDL7|A0A0H4UDL7_ACIBA,tr|V5VD10|V5VD10_ACIBA,0.63525390625
tr|A0A1E3MBC2|A0A1E3MBC2_ACIBA,tr|A0A1E3M533|A0A1E3M533_ACIBA,0.634765625
tr|A0A1E3M1T3|A0A1E3M1T3_ACIBA,tr|V5VIG0|V5VIG0_ACIBA,0.634765625
tr|A0A086I1Z7|A0A086I1Z7_ACIBA,tr|A0A077GIT0|A0A077GIT0_ACIBA,0.634765625
tr|V5VGN9|V5VGN9_ACIBA,tr|A0A0H4UWN7|A0A0H4UWN7_ACIBA,0.634765625
tr|V5VE65|V5VE65_ACIBA,tr|A0A059ZQ79|A0A059ZQ79_ACIBA,0.634765625
tr|A0A1E3M835|A0A1E3M835_ACIBA,tr|A0A0D5YKZ5|A0A0D5YKZ5_ACIBA,0.63427734375
tr|A0A1E3M9E0|A0A1E3M9E0_ACIBA,tr|A0A1L5TK30|A0A1L5TK30_ACIBA,0.63427734375
tr|V5VHR7|V5VHR7_ACIBA,tr|A0A1E3M7Q8|A0A1E3M7Q8_ACIBA,0.6337890625
tr|A0A1E3M3L6|A0A1E3M3L6_ACIBA,tr|A0A1E3M5Z6|A0A1E3M5Z6_ACIBA,0.63330078125
tr|A0A1E3M3L2|A0A1E3M3L2_ACIBA,tr|A0A1E3M4A4|A0A1E3M4A4_ACIBA,0.6328125
tr|A0A1E3M844|A0A1E3M844_ACIBA,tr|V5VIQ3|V5VIQ3_ACIBA,0.6328125
tr|A0A1E3M7A2|A0A1E3M7A2_ACIBA,tr|V5VDM2|V5VDM2_ACIBA,0.63232421875
tr|V5VG96|V5VG96_ACIBA,tr|V5V948|V5V948_ACIBA,0.6318359375
tr|A0A7U4X5T2|A0A7U4X5T2_ACIBA,tr|A0A1E3M675|A0A1E3M675_ACIBA,0.6318359375
tr|A0A7U4Z0H5|A0A7U4Z0H5_ACIBA,tr|A0A1E3M7X4|A0A1E3M7X4_ACIBA,0.6318359375
tr|A0A098SHG1|A0A098SHG1_ACIBA,tr|A0A1E3MBG7|A0A1E3MBG7_ACIBA,0.6318359375
tr|A0A1E3M3M8|A0A1E3M3M8_ACIBA,tr|A0A059ZQ79|A0A059ZQ79_ACIBA,0.63134765625
tr|V5VG47|V5VG47_ACIBA,tr|V5VIQ8|V5VIQ8_ACIBA,0.63134765625
tr|A0A1E3M544|A0A1E3M544_ACIBA,tr|A0A098SKY8|A0A098SKY8_ACIBA,0.63037109375
tr|A0A0E1FFQ5|A0A0E1FFQ5_ACIBA,tr|V5VHL8|V5VHL8_ACIBA,0.63037109375
tr|A0A0E1FFQ5|A0A0E1FFQ5_ACIBA,tr|V5VF03|V5VF03_ACIBA,0.63037109375
tr|A0A1E3M5S4|A0A1E3M5S4_ACIBA,tr|A0A059ZKT7|A0A059ZKT7_ACIBA,0.6298828125
tr|V5VDT5|V5VDT5_ACIBA,tr|A0A335FV52|A0A335FV52_ACIBA,0.6298828125
tr|A0A1E3MBY8|A0A1E3MBY8_ACIBA,tr|A0A1E3M8I3|A0A1E3M8I3_ACIBA,0.62890625
tr|A0A1E3M8J1|A0A1E3M8J1_ACIBA,tr|A0A5P1UGJ3|A0A5P1UGJ3_ACIBA,0.62890625
tr|E2FGC2|E2FGC2_ACIBA,tr|A0A081H131|A0A081H131_ACIBA,0.62890625
tr|A0A1E3M844|A0A1E3M844_ACIBA,tr|V5VHJ1|V5VHJ1_ACIBA,0.6279296875
tr|A0A1E3M3D6|A0A1E3M3D6_ACIBA,tr|A0A090B695|A0A090B695_ACIBA,0.62744140625
tr|V5VAD3|V5VAD3_ACIBA,tr|A0A0H4UN33|A0A0H4UN33_ACIBA,0.626953125
tr|V5VBC2|V5VBC2_ACIBA,tr|V5VF49|V5VF49_ACIBA,0.626953125
tr|A0A1E3M5K2|A0A1E3M5K2_ACIBA,tr|A0A1E3M348|A0A1E3M348_ACIBA,0.626953125
tr|Q5DL40|Q5DL40_ACIBA,tr|A0A084XPW4|A0A084XPW4_ACIBA,0.626953125
tr|V5VGC7|V5VGC7_ACIBA,tr|A0A1E3M7K4|A0A1E3M7K4_ACIBA,0.626953125
tr|A0A090B695|A0A090B695_ACIBA,tr|A0A1E3M5Y0|A0A1E3M5Y0_ACIBA,0.62646484375
tr|V5V9P8|V5V9P8_ACIBA,tr|V5VGN9|V5VGN9_ACIBA,0.62646484375
tr|A0A059ZGZ2|A0A059ZGZ2_ACIBA,tr|A0A059ZL92|A0A059ZL92_ACIBA,0.62646484375
tr|V5VBL5|V5VBL5_ACIBA,tr|A0A0D8GAT7|A0A0D8GAT7_ACIBA,0.62646484375
tr|A0A7X4Z1N2|A0A7X4Z1N2_ACIBA,tr|A0A1E3M2P6|A0A1E3M2P6_ACIBA,0.62646484375
tr|A0A1E3MAN9|A0A1E3MAN9_ACIBA,tr|A0A059ZGU8|A0A059ZGU8_ACIBA,0.6259765625
tr|V5VJ37|V5VJ37_ACIBA,tr|V5VHZ7|V5VHZ7_ACIBA,0.62548828125
tr|V5VHX8|V5VHX8_ACIBA,tr|A0A059ZUB2|A0A059ZUB2_ACIBA,0.625
tr|A0A7U4X5T2|A0A7U4X5T2_ACIBA,tr|A0A1E3M4J0|A0A1E3M4J0_ACIBA,0.625
tr|A0A084XPW4|A0A084XPW4_ACIBA,tr|A0A059ZKT7|A0A059ZKT7_ACIBA,0.625
tr|A0A059ZR19|A0A059ZR19_ACIBA,tr|V5VG19|V5VG19_ACIBA,0.625
tr|A0A335FV52|A0A335FV52_ACIBA,tr|A0A1E3MBB2|A0A1E3MBB2_ACIBA,0.62451171875
tr|A0A1E3M641|A0A1E3M641_ACIBA,tr|A0A059ZKT7|A0A059ZKT7_ACIBA,0.62451171875
tr|V5V940|V5V940_ACIBA,tr|V5VBA5|V5VBA5_ACIBA,0.6240234375
tr|V5VAK6|V5VAK6_ACIBA,tr|V5VAD3|V5VAD3_ACIBA,0.6240234375
tr|A0A059ZMH7|A0A059ZMH7_ACIBA,tr|V5VGI9|V5VGI9_ACIBA,0.6240234375
tr|A0A5P1UNA0|A0A5P1UNA0_ACIBA,tr|A0A059ZQ79|A0A059ZQ79_ACIBA,0.62353515625
tr|A0A077GI86|A0A077GI86_ACIBA,tr|A0A0J8TH59|A0A0J8TH59_ACIBA,0.62353515625
tr|V5VA62|V5VA62_ACIBA,tr|A0A1E3M7K4|A0A1E3M7K4_ACIBA,0.623046875
tr|V5VC90|V5VC90_ACIBA,tr|V5VJG0|V5VJG0_ACIBA,0.623046875
tr|A0A1E3MB54|A0A1E3MB54_ACIBA,tr|V5VB38|V5VB38_ACIBA,0.623046875
tr|A0A059ZM61|A0A059ZM61_ACIBA,tr|V5VAS0|V5VAS0_ACIBA,0.623046875
tr|A0A1E3MAN2|A0A1E3MAN2_ACIBA,tr|V5VBK5|V5VBK5_ACIBA,0.62255859375
tr|V5VHT4|V5VHT4_ACIBA,tr|A0A1E3M8I3|A0A1E3M8I3_ACIBA,0.62255859375
tr|A0A1E3M4U9|A0A1E3M4U9_ACIBA,tr|A0A1E3M8B0|A0A1E3M8B0_ACIBA,0.6220703125
tr|A0A0J8WI13|A0A0J8WI13_ACIBA,tr|V5VB46|V5VB46_ACIBA,0.62158203125
tr|V5VF03|V5VF03_ACIBA,tr|A0A1E3M7W7|A0A1E3M7W7_ACIBA,0.62109375
tr|A0A0D8GAT7|A0A0D8GAT7_ACIBA,tr|A0A059ZN38|A0A059ZN38_ACIBA,0.62109375
tr|V5VGL6|V5VGL6_ACIBA,tr|A0A5P1UJW5|A0A5P1UJW5_ACIBA,0.62109375
tr|V5VCA9|V5VCA9_ACIBA,tr|V5VAS0|V5VAS0_ACIBA,0.62060546875
tr|A0A1E3M3K9|A0A1E3M3K9_ACIBA,tr|A0A059ZN38|A0A059ZN38_ACIBA,0.62060546875
tr|A0A059ZM61|A0A059ZM61_ACIBA,tr|V5VIG0|V5VIG0_ACIBA,0.62060546875
tr|A0A1E3M7X4|A0A1E3M7X4_ACIBA,tr|A0A7U4X9Z1|A0A7U4X9Z1_ACIBA,0.6201171875
tr|A0A5P1UNA0|A0A5P1UNA0_ACIBA,tr|A0A098SKY8|A0A098SKY8_ACIBA,0.61962890625
tr|A0A1E3M8I3|A0A1E3M8I3_ACIBA,tr|A0A0D8GAT7|A0A0D8GAT7_ACIBA,0.619140625
tr|A0A0E1FM87|A0A0E1FM87_ACIBA,tr|A0A5P1UGJ3|A0A5P1UGJ3_ACIBA,0.619140625
tr|A0A1E3M424|A0A1E3M424_ACIBA,tr|V5VAW9|V5VAW9_ACIBA,0.61865234375
tr|A0A1L5TS46|A0A1L5TS46_ACIBA,tr|A0A059ZLC4|A0A059ZLC4_ACIBA,0.61865234375
tr|V5VC16|V5VC16_ACIBA,tr|A0A1E3M7E5|A0A1E3M7E5_ACIBA,0.61865234375
tr|A0A1E3M1Q1|A0A1E3M1Q1_ACIBA,tr|A0A1E3M902|A0A1E3M902_ACIBA,0.61767578125
tr|V5VHR7|V5VHR7_ACIBA,tr|A0A1E3M4S8|A0A1E3M4S8_ACIBA,0.6171875
tr|A0A077GGS3|A0A077GGS3_ACIBA,tr|A0A090BBP5|A0A090BBP5_ACIBA,0.6171875
tr|A0A5P1UG99|A0A5P1UG99_ACIBA,tr|A0A098SHG1|A0A098SHG1_ACIBA,0.6171875
tr|V5VA62|V5VA62_ACIBA,tr|A0A1E3M5M8|A0A1E3M5M8_ACIBA,0.6171875
tr|A0A1E3M5H2|A0A1E3M5H2_ACIBA,tr|A0A090B695|A0A090B695_ACIBA,0.61669921875
tr|A0A059ZCX7|A0A059ZCX7_ACIBA,tr|V5V940|V5V940_ACIBA,0.61669921875
tr|A0A1E3MAN9|A0A1E3MAN9_ACIBA,tr|V5VAY8|V5VAY8_ACIBA,0.6162109375
tr|V5VBP0|V5VBP0_ACIBA,tr|A0A0H4UN33|A0A0H4UN33_ACIBA,0.6162109375
tr|A0A1E3M5H2|A0A1E3M5H2_ACIBA,tr|A0A059ZKT7|A0A059ZKT7_ACIBA,0.6162109375
tr|A0A5P1UGM8|A0A5P1UGM8_ACIBA,tr|A0A1E3M5M9|A0A1E3M5M9_ACIBA,0.6162109375
tr|V5VDU0|V5VDU0_ACIBA,tr|V5VGE8|V5VGE8_ACIBA,0.6162109375
tr|A0A059ZV46|A0A059ZV46_ACIBA,tr|A0A1E3M5H2|A0A1E3M5H2_ACIBA,0.6162109375
tr|A0A1E3M5Z3|A0A1E3M5Z3_ACIBA,tr|A0A059ZU64|A0A059ZU64_ACIBA,0.61572265625
tr|A0A7U4Z0H5|A0A7U4Z0H5_ACIBA,tr|A0A1E3M630|A0A1E3M630_ACIBA,0.61572265625
tr|V5VDC6|V5VDC6_ACIBA,tr|V5V961|V5V961_ACIBA,0.61572265625
tr|A0A1E3M5H2|A0A1E3M5H2_ACIBA,tr|V5VC90|V5VC90_ACIBA,0.61572265625
tr|A0A077GGD9|A0A077GGD9_ACIBA,tr|A0A1E3M8I3|A0A1E3M8I3_ACIBA,0.61572265625
tr|A0A1E3M5S5|A0A1E3M5S5_ACIBA,tr|A0A090B695|A0A090B695_ACIBA,0.61572265625
tr|A0A1E3M4A4|A0A1E3M4A4_ACIBA,tr|A0A0E1JKM2|A0A0E1JKM2_ACIBA,0.615234375
tr|A0A1E3MBY8|A0A1E3MBY8_ACIBA,tr|A0A1E3M5M9|A0A1E3M5M9_ACIBA,0.615234375
tr|A0A0B9W5M8|A0A0B9W5M8_ACIBA,tr|A0A1E3MD29|A0A1E3MD29_ACIBA,0.615234375
tr|V5VE65|V5VE65_ACIBA,tr|V5VBI8|V5VBI8_ACIBA,0.615234375
tr|A0A1E3M3M8|A0A1E3M3M8_ACIBA,tr|A0A1E3M3J4|A0A1E3M3J4_ACIBA,0.61474609375
tr|A0A059ZV46|A0A059ZV46_ACIBA,tr|A0A1E3M5Z6|A0A1E3M5Z6_ACIBA,0.61474609375
tr|A0A1E3M5P3|A0A1E3M5P3_ACIBA,tr|A0A1E3M9H5|A0A1E3M9H5_ACIBA,0.6142578125
tr|A0A0H4U8G3|A0A0H4U8G3_ACIBA,tr|A0A1E3M8U7|A0A1E3M8U7_ACIBA,0.6142578125
tr|A0A0D5YLB1|A0A0D5YLB1_ACIBA,tr|V5VD32|V5VD32_ACIBA,0.6142578125
tr|A0A0E1JKM2|A0A0E1JKM2_ACIBA,tr|A0A059ZLC4|A0A059ZLC4_ACIBA,0.61328125
tr|Q5DL40|Q5DL40_ACIBA,tr|A0A1E3M5Z6|A0A1E3M5Z6_ACIBA,0.6123046875
tr|V5VAN7|V5VAN7_ACIBA,tr|A0A1E3M1T3|A0A1E3M1T3_ACIBA,0.6123046875
tr|A0A335FV52|A0A335FV52_ACIBA,tr|A0A077GDY5|A0A077GDY5_ACIBA,0.6123046875
tr|A0A0H4UB49|A0A0H4UB49_ACIBA,tr|A0A1E3MBF9|A0A1E3MBF9_ACIBA,0.61181640625
tr|V5VH78|V5VH78_ACIBA,tr|V5VAS0|V5VAS0_ACIBA,0.61181640625
tr|V5VIG0|V5VIG0_ACIBA,tr|V5VAS0|V5VAS0_ACIBA,0.611328125
tr|A0A1E3MDG8|A0A1E3MDG8_ACIBA,tr|A0A1E3M3N5|A0A1E3M3N5_ACIBA,0.611328125
tr|V5VBX8|V5VBX8_ACIBA,tr|A0A1E3MBH2|A0A1E3MBH2_ACIBA,0.61083984375
tr|V5VHT4|V5VHT4_ACIBA,tr|A0A1E3M544|A0A1E3M544_ACIBA,0.61083984375
tr|A0A059ZNU1|A0A059ZNU1_ACIBA,tr|A0A1E3M5M9|A0A1E3M5M9_ACIBA,0.6103515625
tr|A0A7U4X6S3|A0A7U4X6S3_ACIBA,tr|V5VAD5|V5VAD5_ACIBA,0.6103515625
tr|G1C6Z8|G1C6Z8_ACIBA,tr|V5V9P8|V5V9P8_ACIBA,0.60986328125
tr|V5VEU7|V5VEU7_ACIBA,tr|A0A1E3M5S5|A0A1E3M5S5_ACIBA,0.60986328125
tr|A0A5P1UIB3|A0A5P1UIB3_ACIBA,tr|A0A090C165|A0A090C165_ACIBA,0.60986328125
tr|V5VFJ3|V5VFJ3_ACIBA,tr|V5VC90|V5VC90_ACIBA,0.60986328125
tr|A0A0G4QNQ8|A0A0G4QNQ8_ACIBA,tr|V5VH56|V5VH56_ACIBA,0.60986328125
tr|A0A0B9XB88|A0A0B9XB88_ACIBA,tr|A0A1E3M5M9|A0A1E3M5M9_ACIBA,0.60986328125
tr|A0A1E3M2R9|A0A1E3M2R9_ACIBA,tr|A0A059ZQ79|A0A059ZQ79_ACIBA,0.60986328125
tr|V5VDM2|V5VDM2_ACIBA,tr|V5VBX8|V5VBX8_ACIBA,0.60986328125
tr|V5VBQ0|V5VBQ0_ACIBA,tr|A0A335FV52|A0A335FV52_ACIBA,0.60888671875
tr|A0A1E3MA33|A0A1E3MA33_ACIBA,tr|V5VJF1|V5VJF1_ACIBA,0.60888671875
tr|A0A1E3MDG8|A0A1E3MDG8_ACIBA,tr|A0A077GN97|A0A077GN97_ACIBA,0.60888671875
tr|A0A084XPW4|A0A084XPW4_ACIBA,tr|A0A1E3M3T6|A0A1E3M3T6_ACIBA,0.60888671875
tr|A0A1E3M856|A0A1E3M856_ACIBA,tr|A0A1E3M3M8|A0A1E3M3M8_ACIBA,0.6083984375
tr|V5VAD5|V5VAD5_ACIBA,tr|A0A1E3MDJ8|A0A1E3MDJ8_ACIBA,0.6083984375
tr|A0A1E3M659|A0A1E3M659_ACIBA,tr|A0A1E3M4A9|A0A1E3M4A9_ACIBA,0.6083984375
tr|A0A077GGD9|A0A077GGD9_ACIBA,tr|A0A1E3MBF9|A0A1E3MBF9_ACIBA,0.6083984375
tr|A0A059ZV46|A0A059ZV46_ACIBA,tr|A0A1E3M2N7|A0A1E3M2N7_ACIBA,0.607421875
tr|A0A1L5TT03|A0A1L5TT03_ACIBA,tr|V5VBK5|V5VBK5_ACIBA,0.607421875
tr|A0A1E3M816|A0A1E3M816_ACIBA,tr|A0A1E3M844|A0A1E3M844_ACIBA,0.607421875
tr|Q5DL40|Q5DL40_ACIBA,tr|A0A1E3M3D6|A0A1E3M3D6_ACIBA,0.607421875
tr|V5VBI8|V5VBI8_ACIBA,tr|A0A1E3M5M9|A0A1E3M5M9_ACIBA,0.60693359375
tr|A0A090B695|A0A090B695_ACIBA,tr|A0A059ZQ79|A0A059ZQ79_ACIBA,0.60693359375
tr|A0A1E3M8J2|A0A1E3M8J2_ACIBA,tr|A0A098SKY8|A0A098SKY8_ACIBA,0.60693359375
tr|A0A090B695|A0A090B695_ACIBA,tr|V5VFI2|V5VFI2_ACIBA,0.60693359375
tr|V5VB41|V5VB41_ACIBA,tr|A0A1E3M1S4|A0A1E3M1S4_ACIBA,0.6064453125
tr|A0A1E3MDG8|A0A1E3MDG8_ACIBA,tr|A0A1E3M5M9|A0A1E3M5M9_ACIBA,0.6064453125
tr|V5VC90|V5VC90_ACIBA,tr|A0A0D8GAT7|A0A0D8GAT7_ACIBA,0.6064453125
tr|A0A5P1UNA0|A0A5P1UNA0_ACIBA,tr|A0A1E3M5S5|A0A1E3M5S5_ACIBA,0.6064453125
tr|A0A7U4X9B0|A0A7U4X9B0_ACIBA,tr|A0A1E3M578|A0A1E3M578_ACIBA,0.6064453125
tr|A0A1E3M3J4|A0A1E3M3J4_ACIBA,tr|A0A1E3M544|A0A1E3M544_ACIBA,0.6064453125
tr|A0A1E3M8M0|A0A1E3M8M0_ACIBA,tr|A0A1E3M5D3|A0A1E3M5D3_ACIBA,0.6064453125
tr|A0A1E3M6E5|A0A1E3M6E5_ACIBA,tr|A0A1E3M1R5|A0A1E3M1R5_ACIBA,0.60595703125
tr|A0A1E3MAN9|A0A1E3MAN9_ACIBA,tr|A0A077GH01|A0A077GH01_ACIBA,0.60498046875
tr|V5V9Y6|V5V9Y6_ACIBA,tr|A0A1E3MB90|A0A1E3MB90_ACIBA,0.60498046875
tr|A0A0B9W5M8|A0A0B9W5M8_ACIBA,tr|A0A059ZUB2|A0A059ZUB2_ACIBA,0.60498046875
tr|V5VGT4|V5VGT4_ACIBA,tr|A0A1E3M5Z6|A0A1E3M5Z6_ACIBA,0.6044921875
tr|A0A0D5YHQ6|A0A0D5YHQ6_ACIBA,tr|A0A7U4X9B0|A0A7U4X9B0_ACIBA,0.6044921875
tr|A0A1E3MBM4|A0A1E3MBM4_ACIBA,tr|A0A1E3M8J1|A0A1E3M8J1_ACIBA,0.60400390625
tr|A0A1E3M3L6|A0A1E3M3L6_ACIBA,tr|A0A059ZQ79|A0A059ZQ79_ACIBA,0.60400390625
tr|A0A1E3M4A4|A0A1E3M4A4_ACIBA,tr|A0A1L5TS46|A0A1L5TS46_ACIBA,0.603515625
tr|A0A7U5A0E0|A0A7U5A0E0_ACIBA,tr|A0A1E3M8A1|A0A1E3M8A1_ACIBA,0.603515625
tr|V5V9F4|V5V9F4_ACIBA,tr|A0A1E3M4P4|A0A1E3M4P4_ACIBA,0.60302734375
tr|A0A059ZIP4|A0A059ZIP4_ACIBA,tr|V5VHJ5|V5VHJ5_ACIBA,0.60302734375
tr|A0A7H1NVT4|A0A7H1NVT4_ACIBA,tr|A0A0H4U672|A0A0H4U672_ACIBA,0.6025390625
tr|A0A077GI86|A0A077GI86_ACIBA,tr|V5VAS0|V5VAS0_ACIBA,0.6025390625
tr|V5VHR0|V5VHR0_ACIBA,tr|V5VHG0|V5VHG0_ACIBA,0.6025390625
tr|V5VG96|V5VG96_ACIBA,tr|A0A059ZL92|A0A059ZL92_ACIBA,0.60205078125
tr|V5VAR4|V5VAR4_ACIBA,tr|A0A081H5Y7|A0A081H5Y7_ACIBA,0.60205078125
tr|A0A7U4X6S3|A0A7U4X6S3_ACIBA,tr|A0A081H968|A0A081H968_ACIBA,0.60205078125
tr|V5VEU7|V5VEU7_ACIBA,tr|A0A1E3M5H2|A0A1E3M5H2_ACIBA,0.60205078125
tr|A0A1E3MA33|A0A1E3MA33_ACIBA,tr|A0A0J8VXQ3|A0A0J8VXQ3_ACIBA,0.6015625
tr|A0A059ZGP6|A0A059ZGP6_ACIBA,tr|A0A059ZQ79|A0A059ZQ79_ACIBA,0.6015625
tr|V5VGB4|V5VGB4_ACIBA,tr|A0A077GTS2|A0A077GTS2_ACIBA,0.6015625
tr|V5VB39|V5VB39_ACIBA,tr|A0A0H4UN33|A0A0H4UN33_ACIBA,0.60107421875
tr|A0A1E3M856|A0A1E3M856_ACIBA,tr|A0A059ZKT7|A0A059ZKT7_ACIBA,0.60107421875
tr|V5VG47|V5VG47_ACIBA,tr|V5VCD9|V5VCD9_ACIBA,0.60107421875
tr|A0A086I237|A0A086I237_ACIBA,tr|A0A081H968|A0A081H968_ACIBA,0.6005859375
tr|V5VB15|V5VB15_ACIBA,tr|A0A1E3M544|A0A1E3M544_ACIBA,0.6005859375
tr|A0A1E3MA61|A0A1E3MA61_ACIBA,tr|A0A059ZNX5|A0A059ZNX5_ACIBA,0.6005859375
tr|V5VHQ6|V5VHQ6_ACIBA,tr|V5VJ37|V5VJ37_ACIBA,0.6005859375
tr|A0A1E3MAB6|A0A1E3MAB6_ACIBA,tr|A0A059ZUB2|A0A059ZUB2_ACIBA,0.6005859375
tr|A0A0D8G707|A0A0D8G707_ACIBA,tr|A0A1E3M5M9|A0A1E3M5M9_ACIBA,0.60009765625
tr|A0A0H4V0Z6|A0A0H4V0Z6_ACIBA,tr|A0A1E3MAN2|A0A1E3MAN2_ACIBA,0.60009765625
tr|A0A059ZUB2|A0A059ZUB2_ACIBA,tr|A0A1E3M770|A0A1E3M770_ACIBA,0.60009765625
tr|A0A059ZP15|A0A059ZP15_ACIBA,tr|V5VDM2|V5VDM2_ACIBA,0.599609375
tr|A0A5P1UNA0|A0A5P1UNA0_ACIBA,tr|A0A1E3M5H2|A0A1E3M5H2_ACIBA,0.59912109375
tr|A0A1E3M2L0|A0A1E3M2L0_ACIBA,tr|A0A5P1UPF1|A0A5P1UPF1_ACIBA,0.59912109375
tr|A0A241ZFM7|A0A241ZFM7_ACIBA,tr|V5V989|V5V989_ACIBA,0.5986328125
tr|Q5DL40|Q5DL40_ACIBA,tr|A0A1E3M2R9|A0A1E3M2R9_ACIBA,0.5986328125
tr|A0A1E3M5X7|A0A1E3M5X7_ACIBA,tr|A0A1E3M544|A0A1E3M544_ACIBA,0.5986328125
tr|V5VGI5|V5VGI5_ACIBA,tr|V5VH51|V5VH51_ACIBA,0.5986328125
tr|A0A1E3M7C5|A0A1E3M7C5_ACIBA,tr|A0A1E3M4U9|A0A1E3M4U9_ACIBA,0.59814453125
tr|A0A1E3M5Z6|A0A1E3M5Z6_ACIBA,tr|A0A1E3M3M8|A0A1E3M3M8_ACIBA,0.59814453125
tr|V5VHI9|V5VHI9_ACIBA,tr|V5VHV1|V5VHV1_ACIBA,0.59814453125
tr|A0A265A9M9|A0A265A9M9_ACIBA,tr|A0A077GIT0|A0A077GIT0_ACIBA,0.59814453125
tr|A0A086I1Z7|A0A086I1Z7_ACIBA,tr|V5V911|V5V911_ACIBA,0.59765625
tr|A0A059ZV46|A0A059ZV46_ACIBA,tr|A0A1E3M5Y0|A0A1E3M5Y0_ACIBA,0.59765625
tr|A0A1E3M443|A0A1E3M443_ACIBA,tr|A0A1E3M1T3|A0A1E3M1T3_ACIBA,0.59716796875
tr|V5VIG0|V5VIG0_ACIBA,tr|A0A059ZV46|A0A059ZV46_ACIBA,0.59716796875
tr|V5VBV8|V5VBV8_ACIBA,tr|V5VAX2|V5VAX2_ACIBA,0.59716796875
tr|A0A1E3M1T3|A0A1E3M1T3_ACIBA,tr|A0A1E3M5Y0|A0A1E3M5Y0_ACIBA,0.59716796875
tr|V5VGM8|V5VGM8_ACIBA,tr|A0A7L5THC7|A0A7L5THC7_ACIBA,0.59716796875
tr|V5VJG0|V5VJG0_ACIBA,tr|A0A059ZN38|A0A059ZN38_ACIBA,0.5966796875
tr|A0A077GD21|A0A077GD21_ACIBA,tr|A0A059ZUB2|A0A059ZUB2_ACIBA,0.5966796875
tr|V5VJ41|V5VJ41_ACIBA,tr|A0A086I1Y6|A0A086I1Y6_ACIBA,0.5966796875
tr|A0A059ZUQ4|A0A059ZUQ4_ACIBA,tr|A0A5P1UPF1|A0A5P1UPF1_ACIBA,0.59619140625
tr|A0A059ZND2|A0A059ZND2_ACIBA,tr|V5VDL9|V5VDL9_ACIBA,0.59619140625
tr|V5V9I6|V5V9I6_ACIBA,tr|A0A059ZHD8|A0A059ZHD8_ACIBA,0.59619140625
tr|A0A0D8GAT7|A0A0D8GAT7_ACIBA,tr|A0A1E3M3L6|A0A1E3M3L6_ACIBA,0.59619140625
tr|A0A0H4V0Z6|A0A0H4V0Z6_ACIBA,tr|V5VBK5|V5VBK5_ACIBA,0.59619140625
tr|A0A1E3M3M5|A0A1E3M3M5_ACIBA,tr|A0A077GH01|A0A077GH01_ACIBA,0.59619140625
tr|A0A1L5TM51|A0A1L5TM51_ACIBA,tr|A0A077GKK9|A0A077GKK9_ACIBA,0.59619140625
tr|A0A1E3MBB2|A0A1E3MBB2_ACIBA,tr|A0A1E3M5M9|A0A1E3M5M9_ACIBA,0.59619140625
tr|V5VCF7|V5VCF7_ACIBA,tr|A0A1E3M4L3|A0A1E3M4L3_ACIBA,0.595703125
tr|A0A086HW27|A0A086HW27_ACIBA,tr|V5VC71|V5VC71_ACIBA,0.595703125
tr|V5VCD9|V5VCD9_ACIBA,tr|V5V9J7|V5V9J7_ACIBA,0.59521484375
tr|V5VDU5|V5VDU5_ACIBA,tr|V5VAW7|V5VAW7_ACIBA,0.59521484375
tr|A0A059ZKT7|A0A059ZKT7_ACIBA,tr|A0A0B9XB88|A0A0B9XB88_ACIBA,0.59521484375
tr|A0A059ZGZ2|A0A059ZGZ2_ACIBA,tr|V5VAV5|V5VAV5_ACIBA,0.59521484375
tr|A0A0G3D1F5|A0A0G3D1F5_ACIBA,tr|A0A077GIT0|A0A077GIT0_ACIBA,0.5947265625
tr|A0A1E3M8Z7|A0A1E3M8Z7_ACIBA,tr|A0A1E3M8L3|A0A1E3M8L3_ACIBA,0.5947265625
tr|A0A1E3M9E0|A0A1E3M9E0_ACIBA,tr|A0A1E3MAV2|A0A1E3MAV2_ACIBA,0.5947265625
tr|A0A1E3M393|A0A1E3M393_ACIBA,tr|A0A1E3MB90|A0A1E3MB90_ACIBA,0.59423828125
tr|A0A1E3M699|A0A1E3M699_ACIBA,tr|V5VHR7|V5VHR7_ACIBA,0.59423828125
tr|A0A077GII7|A0A077GII7_ACIBA,tr|A0A1L5TN02|A0A1L5TN02_ACIBA,0.59375
tr|A0A7U4X5T2|A0A7U4X5T2_ACIBA,tr|A0A1E3M2R3|A0A1E3M2R3_ACIBA,0.59375
tr|A0A0G4QSW7|A0A0G4QSW7_ACIBA,tr|A0A1E3M3N5|A0A1E3M3N5_ACIBA,0.59375
tr|G1C763|G1C763_ACIBA,tr|V5V9B2|V5V9B2_ACIBA,0.59375
tr|V5VAY8|V5VAY8_ACIBA,tr|A0A1E3M3M8|A0A1E3M3M8_ACIBA,0.59375
tr|V5VG19|V5VG19_ACIBA,tr|V5VGU3|V5VGU3_ACIBA,0.59326171875
tr|V5VA78|V5VA78_ACIBA,tr|A0A1E3M3T6|A0A1E3M3T6_ACIBA,0.59326171875
tr|A0A1E3M2N7|A0A1E3M2N7_ACIBA,tr|A0A059ZKT7|A0A059ZKT7_ACIBA,0.59326171875
tr|A0A1E3M4L3|A0A1E3M4L3_ACIBA,tr|A0A1E3M1T3|A0A1E3M1T3_ACIBA,0.5927734375
tr|A0A077GBU6|A0A077GBU6_ACIBA,tr|V5V9I8|V5V9I8_ACIBA,0.5927734375
tr|A0A059ZUB2|A0A059ZUB2_ACIBA,tr|A0A1E3M8R8|A0A1E3M8R8_ACIBA,0.5927734375
tr|A0A0J8WI13|A0A0J8WI13_ACIBA,tr|V5V9J7|V5V9J7_ACIBA,0.59228515625
tr|A0A1E3M5S5|A0A1E3M5S5_ACIBA,tr|A0A1E3M8J2|A0A1E3M8J2_ACIBA,0.59228515625
tr|V5V9Q1|V5V9Q1_ACIBA,tr|V5VI45|V5VI45_ACIBA,0.59228515625
tr|A0A1E3M8A1|A0A1E3M8A1_ACIBA,tr|A0A1E3MBP6|A0A1E3MBP6_ACIBA,0.59228515625
tr|V5VCD9|V5VCD9_ACIBA,tr|V5VH86|V5VH86_ACIBA,0.59228515625
tr|A0A5P1UNA0|A0A5P1UNA0_ACIBA,tr|A0A1E3M5M9|A0A1E3M5M9_ACIBA,0.59228515625
tr|A0A0G4QPN7|A0A0G4QPN7_ACIBA,tr|A0A1E3M5H9|A0A1E3M5H9_ACIBA,0.591796875
tr|A0A1E3M1T3|A0A1E3M1T3_ACIBA,tr|V5VAS0|V5VAS0_ACIBA,0.591796875
tr|A0A0H4UG33|A0A0H4UG33_ACIBA,tr|V5VGC7|V5VGC7_ACIBA,0.591796875
tr|A0A1E3M6G7|A0A1E3M6G7_ACIBA,tr|A0A1E3M4U0|A0A1E3M4U0_ACIBA,0.591796875
tr|V5VGL6|V5VGL6_ACIBA,tr|A0A1E3M4J4|A0A1E3M4J4_ACIBA,0.591796875
tr|A0A7U5A0E0|A0A7U5A0E0_ACIBA,tr|A0A0H4U8G8|A0A0H4U8G8_ACIBA,0.59130859375
tr|A0A1E3M8J2|A0A1E3M8J2_ACIBA,tr|A0A1E3M3D6|A0A1E3M3D6_ACIBA,0.59130859375
tr|V5VGM8|V5VGM8_ACIBA,tr|A0A086HW22|A0A086HW22_ACIBA,0.59130859375
tr|A0A059ZGV9|A0A059ZGV9_ACIBA,tr|A0A7L5TEZ7|A0A7L5TEZ7_ACIBA,0.59130859375
tr|V5VHF8|V5VHF8_ACIBA,tr|A0A0H4UN33|A0A0H4UN33_ACIBA,0.59130859375
tr|A0A077GDY5|A0A077GDY5_ACIBA,tr|V5VC90|V5VC90_ACIBA,0.5908203125
tr|V5VAB5|V5VAB5_ACIBA,tr|V5VDM2|V5VDM2_ACIBA,0.5908203125
tr|A0A059ZII7|A0A059ZII7_ACIBA,tr|A0A1E3M5M0|A0A1E3M5M0_ACIBA,0.5908203125
tr|A0A1E3M5M9|A0A1E3M5M9_ACIBA,tr|V5VHM1|V5VHM1_ACIBA,0.59033203125
tr|A0A0H4UII0|A0A0H4UII0_ACIBA,tr|V5V8T6|V5V8T6_ACIBA,0.58984375
tr|A0A1E3M4J4|A0A1E3M4J4_ACIBA,tr|V5V975|V5V975_ACIBA,0.58984375
tr|A0A1E3M3T6|A0A1E3M3T6_ACIBA,tr|V5VAX2|V5VAX2_ACIBA,0.58984375
tr|A0A059ZJ17|A0A059ZJ17_ACIBA,tr|V5VFJ3|V5VFJ3_ACIBA,0.58935546875
tr|V5VH30|V5VH30_ACIBA,tr|V5VH51|V5VH51_ACIBA,0.58935546875
tr|V5V9K5|V5V9K5_ACIBA,tr|A0A081GRY3|A0A081GRY3_ACIBA,0.58935546875
tr|A0A1E3MA06|A0A1E3MA06_ACIBA,tr|A0A1E3M9V5|A0A1E3M9V5_ACIBA,0.58935546875
tr|A0A7U4XBR3|A0A7U4XBR3_ACIBA,tr|A0A0D5YFB1|A0A0D5YFB1_ACIBA,0.58935546875
tr|V5VD10|V5VD10_ACIBA,tr|A0A1E3MBG7|A0A1E3MBG7_ACIBA,0.5888671875
tr|V5VJG0|V5VJG0_ACIBA,tr|A0A1E3M2W1|A0A1E3M2W1_ACIBA,0.58837890625
tr|A0A0G4QNQ8|A0A0G4QNQ8_ACIBA,tr|A0A0D5YKZ5|A0A0D5YKZ5_ACIBA,0.58837890625
tr|A0A1E3MAS3|A0A1E3MAS3_ACIBA,tr|V5V910|V5V910_ACIBA,0.58837890625
tr|A0A1E3M602|A0A1E3M602_ACIBA,tr|V5VGB4|V5VGB4_ACIBA,0.587890625
tr|V5V911|V5V911_ACIBA,tr|V5V8K4|V5V8K4_ACIBA,0.587890625
tr|A0A1E3M533|A0A1E3M533_ACIBA,tr|V5VIZ3|V5VIZ3_ACIBA,0.587890625
tr|V5V910|V5V910_ACIBA,tr|V5VCD9|V5VCD9_ACIBA,0.58740234375
tr|V5VIH3|V5VIH3_ACIBA,tr|A0A1E3M9J9|A0A1E3M9J9_ACIBA,0.58740234375
tr|V5VIH3|V5VIH3_ACIBA,tr|V5VGL2|V5VGL2_ACIBA,0.5869140625
sp|P0DPR4|ABAQ_ACIBA,tr|A0A1E3M9S6|A0A1E3M9S6_ACIBA,0.5869140625
tr|A0A1E3M4A9|A0A1E3M4A9_ACIBA,tr|A0A1E3M1Z1|A0A1E3M1Z1_ACIBA,0.5869140625
tr|V5VG28|V5VG28_ACIBA,tr|A0A1E3M7S1|A0A1E3M7S1_ACIBA,0.5869140625
tr|V5VCL4|V5VCL4_ACIBA,tr|V5VC90|V5VC90_ACIBA,0.5869140625
tr|A0A7U4X6S3|A0A7U4X6S3_ACIBA,tr|V5VGD0|V5VGD0_ACIBA,0.58642578125
tr|A0A1E3M5Y0|A0A1E3M5Y0_ACIBA,tr|V5VEU7|V5VEU7_ACIBA,0.5859375
tr|V5VHI9|V5VHI9_ACIBA,tr|A0A059ZGU8|A0A059ZGU8_ACIBA,0.5859375
tr|A0A7U4XC65|A0A7U4XC65_ACIBA,tr|A0A0D7SA90|A0A0D7SA90_ACIBA,0.5859375
tr|A0A1E3M641|A0A1E3M641_ACIBA,tr|A0A1E3M544|A0A1E3M544_ACIBA,0.5859375
tr|A0A1E3M4J0|A0A1E3M4J0_ACIBA,tr|A0A059ZUB2|A0A059ZUB2_ACIBA,0.5859375
tr|V5VAJ2|V5VAJ2_ACIBA,tr|A0A077GKK9|A0A077GKK9_ACIBA,0.5859375
tr|V5VH78|V5VH78_ACIBA,tr|A0A0J8TH59|A0A0J8TH59_ACIBA,0.5859375
tr|A0A1E3MA61|A0A1E3MA61_ACIBA,tr|A0A1E3M1K3|A0A1E3M1K3_ACIBA,0.58544921875
tr|A0A1E3M9X9|A0A1E3M9X9_ACIBA,tr|A0A081H968|A0A081H968_ACIBA,0.5849609375
tr|A0A1A1SVI5|A0A1A1SVI5_ACIBA,tr|A0A1E3MBD4|A0A1E3MBD4_ACIBA,0.5849609375
tr|V5VHN5|V5VHN5_ACIBA,tr|V5VH30|V5VH30_ACIBA,0.58447265625
tr|A0A1E3M3W8|A0A1E3M3W8_ACIBA,tr|V5VBV8|V5VBV8_ACIBA,0.58447265625
tr|A0A1E3M659|A0A1E3M659_ACIBA,tr|A0A0E1JKM2|A0A0E1JKM2_ACIBA,0.583984375
tr|N0A217|N0A217_ACIBA,tr|V5V966|V5V966_ACIBA,0.583984375
tr|V5VG25|V5VG25_ACIBA,tr|V5VG26|V5VG26_ACIBA,0.583984375
tr|A0A077GI86|A0A077GI86_ACIBA,tr|V5VIG0|V5VIG0_ACIBA,0.583984375
tr|A0A1E3M772|A0A1E3M772_ACIBA,tr|A0A1E3M8I3|A0A1E3M8I3_ACIBA,0.583984375
tr|A0A1E3MBM4|A0A1E3MBM4_ACIBA,tr|A0A5P1UGJ3|A0A5P1UGJ3_ACIBA,0.583984375
tr|A0A1E3M641|A0A1E3M641_ACIBA,tr|A0A1E3M3L6|A0A1E3M3L6_ACIBA,0.583984375
tr|V5V9C3|V5V9C3_ACIBA,tr|A0A1E3M9S6|A0A1E3M9S6_ACIBA,0.58349609375
tr|A0A098SM27|A0A098SM27_ACIBA,tr|A0A1E3MBB2|A0A1E3MBB2_ACIBA,0.58349609375
tr|A0A0H4UB49|A0A0H4UB49_ACIBA,tr|A0A5P1UNA0|A0A5P1UNA0_ACIBA,0.58349609375
tr|A0A0D8G707|A0A0D8G707_ACIBA,tr|V5VC90|V5VC90_ACIBA,0.5830078125
tr|V5V8F5|V5V8F5_ACIBA,tr|A0A1E3M3T6|A0A1E3M3T6_ACIBA,0.5830078125
tr|A0A077GTB2|A0A077GTB2_ACIBA,tr|A0A1E3M1R5|A0A1E3M1R5_ACIBA,0.58251953125
tr|A0A0E1FFQ5|A0A0E1FFQ5_ACIBA,tr|A0A0B9W5M8|A0A0B9W5M8_ACIBA,0.58203125
tr|A0A059ZU64|A0A059ZU64_ACIBA,tr|A0A0G4QV38|A0A0G4QV38_ACIBA,0.58203125
tr|A0A0D8H3S4|A0A0D8H3S4_ACIBA,tr|A0A5P1UF67|A0A5P1UF67_ACIBA,0.58154296875
tr|V5VCA9|V5VCA9_ACIBA,tr|A0A0J8TH59|A0A0J8TH59_ACIBA,0.58154296875
tr|A0A059ZJ19|A0A059ZJ19_ACIBA,tr|V5VG32|V5VG32_ACIBA,0.5810546875
tr|A0A1E3M924|A0A1E3M924_ACIBA,tr|A0A1E3M3T6|A0A1E3M3T6_ACIBA,0.5810546875
tr|A0A059ZII7|A0A059ZII7_ACIBA,tr|V5VB91|V5VB91_ACIBA,0.58056640625
tr|V5VEB8|V5VEB8_ACIBA,tr|A0A081H968|A0A081H968_ACIBA,0.58056640625
tr|A0A1E3M700|A0A1E3M700_ACIBA,tr|A0A1E3MB54|A0A1E3MB54_ACIBA,0.580078125
tr|A0A1E3M1T3|A0A1E3M1T3_ACIBA,tr|V5VDY0|V5VDY0_ACIBA,0.580078125
tr|A0A7U4X6S3|A0A7U4X6S3_ACIBA,tr|A0A1E3M4V5|A0A1E3M4V5_ACIBA,0.580078125
tr|A0A059ZKT7|A0A059ZKT7_ACIBA,tr|A0A1E3MBY8|A0A1E3MBY8_ACIBA,0.57958984375
tr|A0A059ZV46|A0A059ZV46_ACIBA,tr|A0A1E3M3M8|A0A1E3M3M8_ACIBA,0.57958984375
tr|A0A098SHG1|A0A098SHG1_ACIBA,tr|V5VGS9|V5VGS9_ACIBA,0.5791015625
tr|A0A0E1JKM2|A0A0E1JKM2_ACIBA,tr|A0A1E3M1Z1|A0A1E3M1Z1_ACIBA,0.5791015625
tr|A0A1E3M1H1|A0A1E3M1H1_ACIBA,tr|V5VFW6|V5VFW6_ACIBA,0.5791015625
tr|Q5DL40|Q5DL40_ACIBA,tr|A0A077GN97|A0A077GN97_ACIBA,0.5791015625
tr|V5VB15|V5VB15_ACIBA,tr|A0A1E3M5M9|A0A1E3M5M9_ACIBA,0.5791015625
tr|V5VIM9|V5VIM9_ACIBA,tr|A0A059ZHD8|A0A059ZHD8_ACIBA,0.5791015625
tr|A0A059ZF92|A0A059ZF92_ACIBA,tr|A0A5P1UI65|A0A5P1UI65_ACIBA,0.57861328125
tr|A0A1E3M772|A0A1E3M772_ACIBA,tr|A0A1E3M653|A0A1E3M653_ACIBA,0.57861328125
tr|A0A7U4X5T2|A0A7U4X5T2_ACIBA,tr|A0A5P1UJM0|A0A5P1UJM0_ACIBA,0.57763671875
tr|V5V842|V5V842_ACIBA,tr|V5V944|V5V944_ACIBA,0.57763671875
tr|V5VI03|V5VI03_ACIBA,tr|V5VHG5|V5VHG5_ACIBA,0.57763671875
tr|V5VBC2|V5VBC2_ACIBA,tr|A0A0J8V1Y9|A0A0J8V1Y9_ACIBA,0.57763671875
tr|A0A7U4WK08|A0A7U4WK08_ACIBA,tr|V5VGB4|V5VGB4_ACIBA,0.57763671875
tr|V5VFI2|V5VFI2_ACIBA,tr|A0A0J8TH59|A0A0J8TH59_ACIBA,0.5771484375
tr|A0A086I1Y6|A0A086I1Y6_ACIBA,tr|V5VA62|V5VA62_ACIBA,0.5771484375
tr|V5VHX8|V5VHX8_ACIBA,tr|A0A1E3M4U0|A0A1E3M4U0_ACIBA,0.5771484375
tr|V5VHR7|V5VHR7_ACIBA,tr|A0A081H921|A0A081H921_ACIBA,0.5771484375
tr|E2FGC2|E2FGC2_ACIBA,tr|A0A0J8TD29|A0A0J8TD29_ACIBA,0.57666015625
tr|A0A1E3M1L3|A0A1E3M1L3_ACIBA,tr|V5VGU3|V5VGU3_ACIBA,0.57666015625
tr|V5VHJ5|V5VHJ5_ACIBA,tr|A0A077GHZ9|A0A077GHZ9_ACIBA,0.576171875
tr|A0A1E3M5X7|A0A1E3M5X7_ACIBA,tr|A0A1E3M653|A0A1E3M653_ACIBA,0.57568359375
tr|A0A1L5TSU9|A0A1L5TSU9_ACIBA,tr|A0A081GZ77|A0A081GZ77_ACIBA,0.57568359375
tr|A0A059ZM61|A0A059ZM61_ACIBA,tr|A0A059ZHM5|A0A059ZHM5_ACIBA,0.57568359375
tr|V5VH78|V5VH78_ACIBA,tr|V5VIG0|V5VIG0_ACIBA,0.57568359375
tr|A0A7U4X8G2|A0A7U4X8G2_ACIBA,tr|A0A1E3MAV2|A0A1E3MAV2_ACIBA,0.5751953125
tr|V5VD32|V5VD32_ACIBA,tr|V5VCK8|V5VCK8_ACIBA,0.5751953125
tr|A0A0H4UVN1|A0A0H4UVN1_ACIBA,tr|A0A1E3MD29|A0A1E3MD29_ACIBA,0.5751953125
tr|A0A1E3M665|A0A1E3M665_ACIBA,tr|A0A059ZUB2|A0A059ZUB2_ACIBA,0.5751953125
tr|A0A1L5TK30|A0A1L5TK30_ACIBA,tr|A0A1E3M655|A0A1E3M655_ACIBA,0.57470703125
tr|A0A5P1UDU4|A0A5P1UDU4_ACIBA,tr|A0A1E3M2H6|A0A1E3M2H6_ACIBA,0.57470703125
tr|A0A1E3M630|A0A1E3M630_ACIBA,tr|A0A7U4X9Z1|A0A7U4X9Z1_ACIBA,0.57470703125
tr|A0A077GII7|A0A077GII7_ACIBA,tr|V5V8T6|V5V8T6_ACIBA,0.57470703125
tr|A0A1E3MA61|A0A1E3MA61_ACIBA,tr|G1C7C5|G1C7C5_ACIBA,0.57470703125
tr|A0A1E3M7F2|A0A1E3M7F2_ACIBA,tr|A0A1E3M9W2|A0A1E3M9W2_ACIBA,0.57421875
tr|V5VJ41|V5VJ41_ACIBA,tr|A0A1E3M7L9|A0A1E3M7L9_ACIBA,0.57421875
tr|A0A1E3M9X9|A0A1E3M9X9_ACIBA,tr|A0A1E3M4H2|A0A1E3M4H2_ACIBA,0.57373046875
tr|A0A059ZSQ4|A0A059ZSQ4_ACIBA,tr|V5VD32|V5VD32_ACIBA,0.57373046875
tr|A0A1E3MA06|A0A1E3MA06_ACIBA,tr|A0A1E3MB54|A0A1E3MB54_ACIBA,0.57275390625
tr|A0A090B695|A0A090B695_ACIBA,tr|A0A1E3M2N7|A0A1E3M2N7_ACIBA,0.57275390625
tr|A0A059ZIX1|A0A059ZIX1_ACIBA,tr|A0A7U4X6Q0|A0A7U4X6Q0_ACIBA,0.57275390625
tr|V5VH86|V5VH86_ACIBA,tr|A0A1E3MBS1|A0A1E3MBS1_ACIBA,0.57275390625
tr|V5VHQ6|V5VHQ6_ACIBA,tr|V5VHZ7|V5VHZ7_ACIBA,0.57275390625
tr|V5VCA9|V5VCA9_ACIBA,tr|V5V9C7|V5V9C7_ACIBA,0.57275390625
tr|V5VHG5|V5VHG5_ACIBA,tr|V5VJ37|V5VJ37_ACIBA,0.57275390625
tr|V5VBX8|V5VBX8_ACIBA,tr|A0A1E3MAU0|A0A1E3MAU0_ACIBA,0.57275390625
tr|A0A1E3M1Y5|A0A1E3M1Y5_ACIBA,tr|A0A1E3M5M9|A0A1E3M5M9_ACIBA,0.572265625
tr|A0A1E3M9P5|A0A1E3M9P5_ACIBA,tr|V5VH86|V5VH86_ACIBA,0.572265625
tr|A0A081GZ77|A0A081GZ77_ACIBA,tr|A0A7L5TEE2|A0A7L5TEE2_ACIBA,0.572265625
tr|A0A059ZJD2|A0A059ZJD2_ACIBA,tr|A0A0D5YK69|A0A0D5YK69_ACIBA,0.57177734375
tr|V5VAI5|V5VAI5_ACIBA,tr|V5VCD9|V5VCD9_ACIBA,0.57177734375
tr|A0A1E3M5K2|A0A1E3M5K2_ACIBA,tr|V5VB91|V5VB91_ACIBA,0.5712890625
tr|A0A1E3M9P5|A0A1E3M9P5_ACIBA,tr|A0A0D8FGA4|A0A0D8FGA4_ACIBA,0.5712890625
tr|A0A7U4X5T2|A0A7U4X5T2_ACIBA,tr|A0A1E3MA06|A0A1E3MA06_ACIBA,0.5712890625
tr|A0A1E3M2W9|A0A1E3M2W9_ACIBA,tr|A0A1E3M4J6|A0A1E3M4J6_ACIBA,0.57080078125
tr|V5VGD7|V5VGD7_ACIBA,tr|A0A1E3M7Z6|A0A1E3M7Z6_ACIBA,0.5703125
tr|V5VGE4|V5VGE4_ACIBA,tr|A0A1E3M5N6|A0A1E3M5N6_ACIBA,0.56982421875
tr|A0A1E3M641|A0A1E3M641_ACIBA,tr|A0A1E3M653|A0A1E3M653_ACIBA,0.56982421875
tr|A0A1E3M4P4|A0A1E3M4P4_ACIBA,tr|V5VBI8|V5VBI8_ACIBA,0.56982421875
tr|A0A059ZII7|A0A059ZII7_ACIBA,tr|A0A0E1FH39|A0A0E1FH39_ACIBA,0.56982421875
tr|A0A0B3ZEA3|A0A0B3ZEA3_ACIBA,tr|A0A059ZII7|A0A059ZII7_ACIBA,0.5693359375
tr|V5VBR5|V5VBR5_ACIBA,tr|A0A1L5TSX4|A0A1L5TSX4_ACIBA,0.5693359375
tr|A0A059ZGV9|A0A059ZGV9_ACIBA,tr|V5VHN7|V5VHN7_ACIBA,0.5693359375
tr|V5VA62|V5VA62_ACIBA,tr|A0A059ZMF7|A0A059ZMF7_ACIBA,0.56884765625
tr|A0A1E3MBB2|A0A1E3MBB2_ACIBA,tr|A0A1E3M8I3|A0A1E3M8I3_ACIBA,0.56884765625
tr|A0A0B9XB88|A0A0B9XB88_ACIBA,tr|A0A1E3M3L6|A0A1E3M3L6_ACIBA,0.56884765625
tr|A0A081GZ77|A0A081GZ77_ACIBA,tr|A0A7I6UKK2|A0A7I6UKK2_ACIBA,0.56884765625
tr|A0A077GGD9|A0A077GGD9_ACIBA,tr|A0A0G4QSW7|A0A0G4QSW7_ACIBA,0.568359375
tr|V5VG25|V5VG25_ACIBA,tr|A0A0D5YLM2|A0A0D5YLM2_ACIBA,0.568359375
tr|A0A1E3M2L0|A0A1E3M2L0_ACIBA,tr|A0A0D8GNM0|A0A0D8GNM0_ACIBA,0.568359375
tr|A0A1E3M856|A0A1E3M856_ACIBA,tr|A0A0G4QSW7|A0A0G4QSW7_ACIBA,0.568359375
tr|A0A059ZGV9|A0A059ZGV9_ACIBA,tr|A0A7L5TFX0|A0A7L5TFX0_ACIBA,0.568359375
tr|A0A059ZH10|A0A059ZH10_ACIBA,tr|V5VHR7|V5VHR7_ACIBA,0.568359375
tr|A0A1E3M772|A0A1E3M772_ACIBA,tr|V5VE65|V5VE65_ACIBA,0.56787109375
tr|V5VAW7|V5VAW7_ACIBA,tr|A0A059ZC72|A0A059ZC72_ACIBA,0.56787109375
tr|A0A1E3M366|A0A1E3M366_ACIBA,tr|A0A1E3M393|A0A1E3M393_ACIBA,0.56787109375
tr|V5VGR2|V5VGR2_ACIBA,tr|V5VCD9|V5VCD9_ACIBA,0.56787109375
tr|V5V9P8|V5V9P8_ACIBA,tr|A0A081GRY3|A0A081GRY3_ACIBA,0.56787109375
tr|A0A0D5YDF7|A0A0D5YDF7_ACIBA,tr|V5VB38|V5VB38_ACIBA,0.56787109375
tr|A0A077GSG7|A0A077GSG7_ACIBA,tr|A0A059ZHT8|A0A059ZHT8_ACIBA,0.5673828125
tr|A0A1E3MAN9|A0A1E3MAN9_ACIBA,tr|A0A1E3M5Y0|A0A1E3M5Y0_ACIBA,0.5673828125
tr|V5VG71|V5VG71_ACIBA,tr|A0A1E3M1T3|A0A1E3M1T3_ACIBA,0.5673828125
tr|A0A1E3M1Z8|A0A1E3M1Z8_ACIBA,tr|V5VDT5|V5VDT5_ACIBA,0.56689453125
tr|A0A1E3MBL3|A0A1E3MBL3_ACIBA,tr|A0A0D5YKL9|A0A0D5YKL9_ACIBA,0.56689453125
tr|V5V989|V5V989_ACIBA,tr|V5VCX9|V5VCX9_ACIBA,0.56640625
tr|A0A081H968|A0A081H968_ACIBA,tr|A0A1E3M3T9|A0A1E3M3T9_ACIBA,0.56640625
tr|A0A1E3M5D3|A0A1E3M5D3_ACIBA,tr|A0A0H4UC64|A0A0H4UC64_ACIBA,0.56640625
tr|A0A1E3MBW2|A0A1E3MBW2_ACIBA,tr|A0A081H968|A0A081H968_ACIBA,0.56640625
tr|V5VEU7|V5VEU7_ACIBA,tr|V5VFI2|V5VFI2_ACIBA,0.56640625
tr|A0A077GBX0|A0A077GBX0_ACIBA,tr|A0A059ZIX1|A0A059ZIX1_ACIBA,0.56591796875
tr|A0A077GGD9|A0A077GGD9_ACIBA,tr|V5VBV8|V5VBV8_ACIBA,0.56591796875
tr|A0A059ZV46|A0A059ZV46_ACIBA,tr|A0A1E3M5M9|A0A1E3M5M9_ACIBA,0.56591796875
tr|A0A1E3M7C5|A0A1E3M7C5_ACIBA,tr|A0A1E3M3M9|A0A1E3M3M9_ACIBA,0.5654296875
tr|A0A077GN97|A0A077GN97_ACIBA,tr|V5VIG0|V5VIG0_ACIBA,0.5654296875
tr|A0A1E3MDG8|A0A1E3MDG8_ACIBA,tr|A0A1E3M8I3|A0A1E3M8I3_ACIBA,0.56494140625
tr|A0A1E3M7X4|A0A1E3M7X4_ACIBA,tr|A0A1E3M8F5|A0A1E3M8F5_ACIBA,0.56494140625
tr|A0A5P1UNA0|A0A5P1UNA0_ACIBA,tr|A0A1E3M5Y0|A0A1E3M5Y0_ACIBA,0.564453125
tr|A0A1E3M5T3|A0A1E3M5T3_ACIBA,tr|V5VF03|V5VF03_ACIBA,0.564453125
tr|V5VBV8|V5VBV8_ACIBA,tr|A0A086I237|A0A086I237_ACIBA,0.564453125
tr|A0A1E3M3J4|A0A1E3M3J4_ACIBA,tr|A0A1E3M3L6|A0A1E3M3L6_ACIBA,0.564453125
tr|A0A5P1UJW5|A0A5P1UJW5_ACIBA,tr|A0A1E3M533|A0A1E3M533_ACIBA,0.564453125
tr|A0A7U4X9P9|A0A7U4X9P9_ACIBA,tr|A0A1E3M5S5|A0A1E3M5S5_ACIBA,0.564453125
tr|V5VG96|V5VG96_ACIBA,tr|A0A1E3M7E5|A0A1E3M7E5_ACIBA,0.564453125
tr|A0A1A1STA6|A0A1A1STA6_ACIBA,tr|A0A1E3M1R5|A0A1E3M1R5_ACIBA,0.56396484375
tr|A0A1E3MBH2|A0A1E3MBH2_ACIBA,tr|A0A086HW27|A0A086HW27_ACIBA,0.56396484375
tr|A0A1E3M2N7|A0A1E3M2N7_ACIBA,tr|V5VEU7|V5VEU7_ACIBA,0.5634765625
tr|A0A1E3M462|A0A1E3M462_ACIBA,tr|V5V926|V5V926_ACIBA,0.5634765625
tr|A0A7U4X5T2|A0A7U4X5T2_ACIBA,tr|V5VHL8|V5VHL8_ACIBA,0.5634765625
tr|V5VHR7|V5VHR7_ACIBA,tr|A0A1E3M5Y1|A0A1E3M5Y1_ACIBA,0.56298828125
tr|A0A1E3M9X9|A0A1E3M9X9_ACIBA,tr|A0A1E3M1T3|A0A1E3M1T3_ACIBA,0.56298828125
tr|A0A1E3M9K8|A0A1E3M9K8_ACIBA,tr|V5VBK5|V5VBK5_ACIBA,0.5625
tr|A0A1E3M1T3|A0A1E3M1T3_ACIBA,tr|V5VJ41|V5VJ41_ACIBA,0.56201171875
tr|A0A1E3M3T6|A0A1E3M3T6_ACIBA,tr|A0A1E3M9X2|A0A1E3M9X2_ACIBA,0.56201171875
tr|A0A1E3M443|A0A1E3M443_ACIBA,tr|A0A077GH01|A0A077GH01_ACIBA,0.56201171875
tr|A0A077GPF2|A0A077GPF2_ACIBA,tr|A0A1E3MAU2|A0A1E3MAU2_ACIBA,0.56201171875
tr|A0A1E3MDG8|A0A1E3MDG8_ACIBA,tr|A0A1E3M3J4|A0A1E3M3J4_ACIBA,0.56201171875
tr|A0A1E3M4A4|A0A1E3M4A4_ACIBA,tr|A0A1E3M4A9|A0A1E3M4A9_ACIBA,0.5615234375
tr|A0A1E3M5T3|A0A1E3M5T3_ACIBA,tr|A0A0E1FFQ5|A0A0E1FFQ5_ACIBA,0.5615234375
tr|A0A059ZNX5|A0A059ZNX5_ACIBA,tr|V5VAN5|V5VAN5_ACIBA,0.5615234375
tr|A0A0E1FM87|A0A0E1FM87_ACIBA,tr|A0A5P1UFP4|A0A5P1UFP4_ACIBA,0.56103515625
tr|V5VHN7|V5VHN7_ACIBA,tr|A0A7U4X8G2|A0A7U4X8G2_ACIBA,0.56103515625
tr|A0A098SM27|A0A098SM27_ACIBA,tr|V5VBI8|V5VBI8_ACIBA,0.56103515625
tr|A0A1E3M8J1|A0A1E3M8J1_ACIBA,tr|A0A5P1UFP4|A0A5P1UFP4_ACIBA,0.56103515625
tr|A0A1E3MBY8|A0A1E3MBY8_ACIBA,tr|V5VC90|V5VC90_ACIBA,0.56103515625
tr|A0A084XPW4|A0A084XPW4_ACIBA,tr|A0A059ZN38|A0A059ZN38_ACIBA,0.56103515625
tr|A0A1E3M8J2|A0A1E3M8J2_ACIBA,tr|A0A1E3M5H2|A0A1E3M5H2_ACIBA,0.56103515625
tr|V5VHK1|V5VHK1_ACIBA,tr|A0A059ZN38|A0A059ZN38_ACIBA,0.560546875
tr|A0A059ZHT8|A0A059ZHT8_ACIBA,tr|A0A5P1UI65|A0A5P1UI65_ACIBA,0.560546875
tr|A0A1E3M4A9|A0A1E3M4A9_ACIBA,tr|A0A059ZLC4|A0A059ZLC4_ACIBA,0.560546875
tr|A0A059ZGH7|A0A059ZGH7_ACIBA,tr|A0A1E3MA05|A0A1E3MA05_ACIBA,0.560546875
tr|A0A1E3M8C8|A0A1E3M8C8_ACIBA,tr|A0A059ZGT0|A0A059ZGT0_ACIBA,0.560546875
tr|V5VG47|V5VG47_ACIBA,tr|A0A1E3M4V1|A0A1E3M4V1_ACIBA,0.560546875
tr|V5VHQ9|V5VHQ9_ACIBA,tr|V5VGQ8|V5VGQ8_ACIBA,0.560546875
tr|A0A1E3M8A1|A0A1E3M8A1_ACIBA,tr|A0A1E3MBT2|A0A1E3MBT2_ACIBA,0.56005859375
tr|V5V8G9|V5V8G9_ACIBA,tr|V5VGU3|V5VGU3_ACIBA,0.56005859375
tr|A0A0E1FTA3|A0A0E1FTA3_ACIBA,tr|A0A7U4X8G2|A0A7U4X8G2_ACIBA,0.56005859375
tr|A0A1L5TT03|A0A1L5TT03_ACIBA,tr|A0A0H4UDL7|A0A0H4UDL7_ACIBA,0.5595703125
tr|V5V8Q3|V5V8Q3_ACIBA,tr|V5VAW9|V5VAW9_ACIBA,0.5595703125
tr|A0A0D8FLF9|A0A0D8FLF9_ACIBA,tr|A0A059ZUB2|A0A059ZUB2_ACIBA,0.55908203125
tr|A0A059ZV46|A0A059ZV46_ACIBA,tr|A0A077GQM3|A0A077GQM3_ACIBA,0.55908203125
tr|A0A1E3M443|A0A1E3M443_ACIBA,tr|V5VDT3|V5VDT3_ACIBA,0.55908203125
tr|A0A090B695|A0A090B695_ACIBA,tr|A0A098SKY8|A0A098SKY8_ACIBA,0.55908203125
tr|A0A0H4U8G8|A0A0H4U8G8_ACIBA,tr|A0A1E3MBT2|A0A1E3MBT2_ACIBA,0.55908203125
tr|A0A1E3MBY8|A0A1E3MBY8_ACIBA,tr|A0A1E3M544|A0A1E3M544_ACIBA,0.55908203125
tr|A0A1E3M8I3|A0A1E3M8I3_ACIBA,tr|A0A1L5TSX4|A0A1L5TSX4_ACIBA,0.55859375
tr|A0A7L5TEE2|A0A7L5TEE2_ACIBA,tr|V5VCY7|V5VCY7_ACIBA,0.55859375
tr|A0A0H4V0Z6|A0A0H4V0Z6_ACIBA,tr|A0A0H4UDL7|A0A0H4UDL7_ACIBA,0.55859375
tr|A0A5P1UNA0|A0A5P1UNA0_ACIBA,tr|V5VC90|V5VC90_ACIBA,0.55859375
tr|A0A1E3M6B6|A0A1E3M6B6_ACIBA,tr|A0A1E3M6I5|A0A1E3M6I5_ACIBA,0.5576171875
tr|A0A1E3M7E5|A0A1E3M7E5_ACIBA,tr|A0A059ZHT8|A0A059ZHT8_ACIBA,0.5576171875
tr|A0A1E3MBY8|A0A1E3MBY8_ACIBA,tr|A0A1E3M2W1|A0A1E3M2W1_ACIBA,0.55712890625
tr|A0A059ZJS0|A0A059ZJS0_ACIBA,tr|A0A081H230|A0A081H230_ACIBA,0.55712890625
tr|A0A1E3M3M1|A0A1E3M3M1_ACIBA,tr|A0A1E3M1R5|A0A1E3M1R5_ACIBA,0.55712890625
tr|A0A077GD21|A0A077GD21_ACIBA,tr|V5VGC7|V5VGC7_ACIBA,0.55712890625
tr|A0A7I6UKK2|A0A7I6UKK2_ACIBA,tr|V5VCY7|V5VCY7_ACIBA,0.55712890625
tr|A0A1E3MAN9|A0A1E3MAN9_ACIBA,tr|A0A1E3M5Z6|A0A1E3M5Z6_ACIBA,0.55712890625
tr|A0A5P1UGM8|A0A5P1UGM8_ACIBA,tr|A0A1E3M8I3|A0A1E3M8I3_ACIBA,0.55712890625
tr|A0A1E3M404|A0A1E3M404_ACIBA,tr|A0A1E3M393|A0A1E3M393_ACIBA,0.55712890625
tr|A0A7U4X6Q0|A0A7U4X6Q0_ACIBA,tr|V5VH86|V5VH86_ACIBA,0.55712890625
tr|A0A1E3M5X7|A0A1E3M5X7_ACIBA,tr|V5VBL5|V5VBL5_ACIBA,0.55712890625
tr|A0A1E3M3K9|A0A1E3M3K9_ACIBA,tr|A0A059ZKT7|A0A059ZKT7_ACIBA,0.55712890625
tr|V5VGC7|V5VGC7_ACIBA,tr|A0A1E3M8R8|A0A1E3M8R8_ACIBA,0.556640625
tr|A0A7U4X5W9|A0A7U4X5W9_ACIBA,tr|A0A1L5TK30|A0A1L5TK30_ACIBA,0.556640625
tr|A0A265A9M9|A0A265A9M9_ACIBA,tr|A0A1E3M5M9|A0A1E3M5M9_ACIBA,0.556640625
tr|V5VBC5|V5VBC5_ACIBA,tr|A0A0D8FGA4|A0A0D8FGA4_ACIBA,0.556640625
tr|A0A059ZKX9|A0A059ZKX9_ACIBA,tr|A0A0D5YKL9|A0A0D5YKL9_ACIBA,0.556640625
tr|A0A1E3M431|A0A1E3M431_ACIBA,tr|A0A1E3M2N9|A0A1E3M2N9_ACIBA,0.556640625
tr|A0A7U4X8G2|A0A7U4X8G2_ACIBA,tr|V5V997|V5V997_ACIBA,0.556640625
tr|A0A059ZPB6|A0A059ZPB6_ACIBA,tr|V5V9P8|V5V9P8_ACIBA,0.556640625
tr|A0A7L5TEE2|A0A7L5TEE2_ACIBA,tr|A0A1L5TTB1|A0A1L5TTB1_ACIBA,0.556640625
tr|A0A1E3M630|A0A1E3M630_ACIBA,tr|A0A0D5YKL9|A0A0D5YKL9_ACIBA,0.556640625
tr|V5VHR7|V5VHR7_ACIBA,tr|A0A1E3M8N0|A0A1E3M8N0_ACIBA,0.556640625
tr|V5VCB2|V5VCB2_ACIBA,tr|V5VHR7|V5VHR7_ACIBA,0.55615234375
tr|A0A1E3M5M9|A0A1E3M5M9_ACIBA,tr|A0A5P1UMW4|A0A5P1UMW4_ACIBA,0.55615234375
tr|V5VH56|V5VH56_ACIBA,tr|A0A0D5YKZ5|A0A0D5YKZ5_ACIBA,0.55615234375
tr|A0A1E3M3L2|A0A1E3M3L2_ACIBA,tr|V5VB91|V5VB91_ACIBA,0.55615234375
tr|Q5DL40|Q5DL40_ACIBA,tr|A0A059ZQ79|A0A059ZQ79_ACIBA,0.5556640625
tr|A0A5P1UNA0|A0A5P1UNA0_ACIBA,tr|A0A077GQM3|A0A077GQM3_ACIBA,0.5556640625
tr|A0A1E3M8F5|A0A1E3M8F5_ACIBA,tr|A0A1E3M630|A0A1E3M630_ACIBA,0.55517578125
tr|A0A1E3M4U9|A0A1E3M4U9_ACIBA,tr|A0A0D8GGJ8|A0A0D8GGJ8_ACIBA,0.55517578125
tr|A0A1E3M4P4|A0A1E3M4P4_ACIBA,tr|V5VB15|V5VB15_ACIBA,0.55517578125
tr|A0A1E3M5H2|A0A1E3M5H2_ACIBA,tr|A0A1E3M2N7|A0A1E3M2N7_ACIBA,0.55517578125
tr|A0A1E3MB59|A0A1E3MB59_ACIBA,tr|A0A1E3M655|A0A1E3M655_ACIBA,0.55517578125
tr|A0A7I6UKK2|A0A7I6UKK2_ACIBA,tr|A0A1L5TTB1|A0A1L5TTB1_ACIBA,0.55517578125
tr|V5VH33|V5VH33_ACIBA,tr|V5V9P8|V5V9P8_ACIBA,0.55517578125
tr|A0A1E3M7A2|A0A1E3M7A2_ACIBA,tr|A0A059ZUB2|A0A059ZUB2_ACIBA,0.5546875
tr|A0A1E3M2R3|A0A1E3M2R3_ACIBA,tr|A0A059ZUB2|A0A059ZUB2_ACIBA,0.5546875
tr|A0A084XPW4|A0A084XPW4_ACIBA,tr|A0A059ZQ79|A0A059ZQ79_ACIBA,0.5546875
tr|A0A1E3MBX9|A0A1E3MBX9_ACIBA,tr|A0A5P1UDU4|A0A5P1UDU4_ACIBA,0.5546875
tr|V5VC16|V5VC16_ACIBA,tr|V5VGR2|V5VGR2_ACIBA,0.5546875
tr|A0A059ZGU8|A0A059ZGU8_ACIBA,tr|A0A059ZV46|A0A059ZV46_ACIBA,0.5546875
tr|A0A1E3M2N7|A0A1E3M2N7_ACIBA,tr|A0A1E3M3D6|A0A1E3M3D6_ACIBA,0.55419921875
tr|A0A0H4V0Z6|A0A0H4V0Z6_ACIBA,tr|A0A1E3M2X0|A0A1E3M2X0_ACIBA,0.55419921875
tr|V5VC84|V5VC84_ACIBA,tr|A0A059ZUB2|A0A059ZUB2_ACIBA,0.55419921875
tr|A0A1E3M9V5|A0A1E3M9V5_ACIBA,tr|A0A7U4X5T2|A0A7U4X5T2_ACIBA,0.55419921875
tr|V5VHR7|V5VHR7_ACIBA,tr|A0A1E3MC17|A0A1E3MC17_ACIBA,0.55419921875
tr|A0A1E3M541|A0A1E3M541_ACIBA,tr|V5VAS0|V5VAS0_ACIBA,0.55419921875
tr|V5VJF1|V5VJF1_ACIBA,tr|A0A059ZJA5|A0A059ZJA5_ACIBA,0.5537109375
tr|A0A059ZUB2|A0A059ZUB2_ACIBA,tr|A0A1E3M8N0|A0A1E3M8N0_ACIBA,0.55322265625
tr|A0A1V3D8R1|A0A1V3D8R1_ACIBA,tr|V5V948|V5V948_ACIBA,0.55322265625
tr|V5VGR7|V5VGR7_ACIBA,tr|A0A1L5TP42|A0A1L5TP42_ACIBA,0.55322265625
tr|A0A059ZMH7|A0A059ZMH7_ACIBA,tr|A0A0H4UB49|A0A0H4UB49_ACIBA,0.552734375
tr|A0A1E3M7S5|A0A1E3M7S5_ACIBA,tr|A0A1E3M7S1|A0A1E3M7S1_ACIBA,0.552734375
tr|A0A081H968|A0A081H968_ACIBA,tr|A0A1E3M4V5|A0A1E3M4V5_ACIBA,0.552734375
tr|A0A0H4UB49|A0A0H4UB49_ACIBA,tr|A0A0H4UWN7|A0A0H4UWN7_ACIBA,0.552734375
tr|V5VDU5|V5VDU5_ACIBA,tr|V5VIH3|V5VIH3_ACIBA,0.552734375
tr|A0A0D5YGT9|A0A0D5YGT9_ACIBA,tr|A0A1E3M4A4|A0A1E3M4A4_ACIBA,0.552734375
tr|A0A1E3M7X4|A0A1E3M7X4_ACIBA,tr|A0A0D5YKL9|A0A0D5YKL9_ACIBA,0.55224609375
tr|V5VC16|V5VC16_ACIBA,tr|A0A1E3M1R5|A0A1E3M1R5_ACIBA,0.55224609375
tr|V5VDU6|V5VDU6_ACIBA,tr|A0A0E1JI29|A0A0E1JI29_ACIBA,0.5517578125
tr|V5V9V2|V5V9V2_ACIBA,tr|A0A0E1FFQ5|A0A0E1FFQ5_ACIBA,0.5517578125
tr|A0A1E3M8Z7|A0A1E3M8Z7_ACIBA,tr|V5V9K5|V5V9K5_ACIBA,0.5517578125
tr|A0A059ZIP4|A0A059ZIP4_ACIBA,tr|A0A1E3M3T6|A0A1E3M3T6_ACIBA,0.5517578125
tr|V5VF03|V5VF03_ACIBA,tr|V5VHL8|V5VHL8_ACIBA,0.5517578125
tr|A0A1E3M9E9|A0A1E3M9E9_ACIBA,tr|A0A7U4Z0H5|A0A7U4Z0H5_ACIBA,0.5517578125
tr|A0A059ZNU1|A0A059ZNU1_ACIBA,tr|A0A1E3M3L6|A0A1E3M3L6_ACIBA,0.55126953125
tr|A0A1E3M7E5|A0A1E3M7E5_ACIBA,tr|V5VBC5|V5VBC5_ACIBA,0.55126953125
tr|A0A7U4X5T2|A0A7U4X5T2_ACIBA,sp|A0A1E3M8P2|BAUF_ACIBA,0.55126953125
tr|A0A0E1FFQ5|A0A0E1FFQ5_ACIBA,tr|A0A1E3MD29|A0A1E3MD29_ACIBA,0.55126953125
tr|A0A1E3M856|A0A1E3M856_ACIBA,tr|V5VE65|V5VE65_ACIBA,0.55126953125
tr|A0A1L5TM91|A0A1L5TM91_ACIBA,tr|A0A5P1UGJ3|A0A5P1UGJ3_ACIBA,0.55126953125
tr|V5VJF1|V5VJF1_ACIBA,tr|A0A1E3M9X2|A0A1E3M9X2_ACIBA,0.55078125
tr|A0A1E3M424|A0A1E3M424_ACIBA,tr|V5VH14|V5VH14_ACIBA,0.55078125
tr|A0A1E3M1T3|A0A1E3M1T3_ACIBA,tr|V5VBI8|V5VBI8_ACIBA,0.55078125
tr|A0A5P1UDD1|A0A5P1UDD1_ACIBA,tr|V5VF49|V5VF49_ACIBA,0.55078125
tr|A0A059ZM61|A0A059ZM61_ACIBA,tr|A0A059ZV46|A0A059ZV46_ACIBA,0.55078125
tr|V5VGI6|V5VGI6_ACIBA,tr|V5VG36|V5VG36_ACIBA,0.55029296875
tr|A0A077GI86|A0A077GI86_ACIBA,tr|A0A059ZHM5|A0A059ZHM5_ACIBA,0.55029296875
tr|A0A5P1UF67|A0A5P1UF67_ACIBA,tr|V5VIH3|V5VIH3_ACIBA,0.55029296875
tr|A0A077GHZ9|A0A077GHZ9_ACIBA,tr|A0A1E3M741|A0A1E3M741_ACIBA,0.55029296875
tr|A0A7U4X5T2|A0A7U4X5T2_ACIBA,tr|A0A1E3M3X8|A0A1E3M3X8_ACIBA,0.55029296875
tr|A0A1E3MAU0|A0A1E3MAU0_ACIBA,tr|A0A077GSG7|A0A077GSG7_ACIBA,0.55029296875
tr|A0A077GKK9|A0A077GKK9_ACIBA,tr|V5VGM8|V5VGM8_ACIBA,0.55029296875
tr|A0A077GGD9|A0A077GGD9_ACIBA,tr|A0A1E3M5M9|A0A1E3M5M9_ACIBA,0.55029296875
tr|A0A1E3M9K8|A0A1E3M9K8_ACIBA,tr|A0A0H4UDL7|A0A0H4UDL7_ACIBA,0.55029296875
tr|A0A1L5TMN0|A0A1L5TMN0_ACIBA,tr|A0A1E3M8J1|A0A1E3M8J1_ACIBA,0.5498046875
tr|A0A1E3M659|A0A1E3M659_ACIBA,tr|A0A1E3M9D1|A0A1E3M9D1_ACIBA,0.5498046875
tr|A0A5P1UNA0|A0A5P1UNA0_ACIBA,tr|A0A059ZM61|A0A059ZM61_ACIBA,0.54931640625
tr|A0A7U4X5T2|A0A7U4X5T2_ACIBA,tr|A0A1E3M1Q5|A0A1E3M1Q5_ACIBA,0.54931640625
tr|V5VBL5|V5VBL5_ACIBA,tr|V5VFJ3|V5VFJ3_ACIBA,0.54931640625
tr|A0A7U4X8G2|A0A7U4X8G2_ACIBA,tr|A0A1E3M6D6|A0A1E3M6D6_ACIBA,0.54931640625
tr|A0A059ZHT8|A0A059ZHT8_ACIBA,tr|A0A0H4UPM2|A0A0H4UPM2_ACIBA,0.548828125
tr|A0A0H4UYK2|A0A0H4UYK2_ACIBA,tr|V5VB38|V5VB38_ACIBA,0.548828125
tr|A0A059ZGU8|A0A059ZGU8_ACIBA,tr|A0A1E3M3M5|A0A1E3M3M5_ACIBA,0.548828125
tr|V5VHR7|V5VHR7_ACIBA,tr|A0A7U4X5W9|A0A7U4X5W9_ACIBA,0.548828125
tr|V5VB15|V5VB15_ACIBA,tr|A0A059ZKT7|A0A059ZKT7_ACIBA,0.548828125
tr|A0A077GHZ9|A0A077GHZ9_ACIBA,tr|A0A0H4UB49|A0A0H4UB49_ACIBA,0.54833984375
tr|A0A059ZG36|A0A059ZG36_ACIBA,tr|A0A1E3M533|A0A1E3M533_ACIBA,0.54833984375
tr|V5VH86|V5VH86_ACIBA,tr|V5V910|V5V910_ACIBA,0.54833984375
tr|V5VG30|V5VG30_ACIBA,tr|A0A098SGG9|A0A098SGG9_ACIBA,0.5478515625
tr|V5VGE5|V5VGE5_ACIBA,tr|V5VG30|V5VG30_ACIBA,0.5478515625
tr|A0A1E3MB59|A0A1E3MB59_ACIBA,tr|A0A1E3M6I5|A0A1E3M6I5_ACIBA,0.5478515625
tr|A0A077GDY5|A0A077GDY5_ACIBA,tr|A0A1E3M5M9|A0A1E3M5M9_ACIBA,0.5478515625
tr|V5VHJ5|V5VHJ5_ACIBA,tr|V5VCX9|V5VCX9_ACIBA,0.54736328125
tr|V5VA62|V5VA62_ACIBA,tr|V5VBX8|V5VBX8_ACIBA,0.54736328125
tr|V5VFI2|V5VFI2_ACIBA,tr|V5VBM4|V5VBM4_ACIBA,0.54736328125
tr|V5VHI9|V5VHI9_ACIBA,tr|V5VGU3|V5VGU3_ACIBA,0.546875
tr|V5VBI8|V5VBI8_ACIBA,tr|A0A0G4QSW7|A0A0G4QSW7_ACIBA,0.546875
tr|V5VB46|V5VB46_ACIBA,tr|A0A5P1UI52|A0A5P1UI52_ACIBA,0.546875
tr|A0A098SH89|A0A098SH89_ACIBA,tr|A0A1E3M4U0|A0A1E3M4U0_ACIBA,0.546875
tr|A0A1E3M252|A0A1E3M252_ACIBA,tr|A0A059ZUB2|A0A059ZUB2_ACIBA,0.546875
tr|V5VHR7|V5VHR7_ACIBA,tr|V5VHL8|V5VHL8_ACIBA,0.54638671875
tr|A0A098SM27|A0A098SM27_ACIBA,tr|A0A1L5TSX4|A0A1L5TSX4_ACIBA,0.54638671875
tr|V5VEB8|V5VEB8_ACIBA,tr|A0A1E3M902|A0A1E3M902_ACIBA,0.54638671875
tr|V5VA62|V5VA62_ACIBA,tr|A0A1E3M1Y8|A0A1E3M1Y8_ACIBA,0.5458984375
tr|A0A1E3MA08|A0A1E3MA08_ACIBA,tr|A0A1E3M5Y0|A0A1E3M5Y0_ACIBA,0.5458984375
tr|V5VG19|V5VG19_ACIBA,tr|V5VHU3|V5VHU3_ACIBA,0.5458984375
tr|A0A0J8WI13|A0A0J8WI13_ACIBA,tr|V5V961|V5V961_ACIBA,0.5458984375
tr|A0A081H968|A0A081H968_ACIBA,tr|A0A241ZFM7|A0A241ZFM7_ACIBA,0.5458984375
tr|V5VDM2|V5VDM2_ACIBA,tr|A0A1E3M8U7|A0A1E3M8U7_ACIBA,0.54541015625
tr|A0A1E3MBM4|A0A1E3MBM4_ACIBA,tr|A0A5P1UFP4|A0A5P1UFP4_ACIBA,0.54541015625
tr|A0A1E3M9S4|A0A1E3M9S4_ACIBA,tr|A0A0F5WZ42|A0A0F5WZ42_ACIBA,0.54541015625
tr|V5VEU7|V5VEU7_ACIBA,tr|A0A1E3M3N5|A0A1E3M3N5_ACIBA,0.54541015625
tr|A0A0R1CMZ0|A0A0R1CMZ0_ACIBA,tr|V5V9B2|V5V9B2_ACIBA,0.54541015625
tr|A0A1E3M9S6|A0A1E3M9S6_ACIBA,tr|V5VAM5|V5VAM5_ACIBA,0.54541015625
tr|A0A059ZND2|A0A059ZND2_ACIBA,tr|A0A0D7SA90|A0A0D7SA90_ACIBA,0.54541015625
tr|A0A1E3M9D1|A0A1E3M9D1_ACIBA,tr|A0A081H968|A0A081H968_ACIBA,0.544921875
tr|A0A1E3MAZ9|A0A1E3MAZ9_ACIBA,tr|V5VDY0|V5VDY0_ACIBA,0.544921875
tr|V5VHG5|V5VHG5_ACIBA,tr|V5VF03|V5VF03_ACIBA,0.544921875
tr|A0A1E3M1Y5|A0A1E3M1Y5_ACIBA,tr|A0A335FV52|A0A335FV52_ACIBA,0.544921875
tr|A0A059ZCX7|A0A059ZCX7_ACIBA,tr|V5V9N0|V5V9N0_ACIBA,0.544921875
tr|V5VDA7|V5VDA7_ACIBA,tr|A0A1E3M2L4|A0A1E3M2L4_ACIBA,0.54443359375
tr|V5VGI2|V5VGI2_ACIBA,tr|A0A1E3M6U1|A0A1E3M6U1_ACIBA,0.54443359375
tr|A0A5P1UJW5|A0A5P1UJW5_ACIBA,tr|V5VF49|V5VF49_ACIBA,0.54443359375
tr|A0A1L5TK30|A0A1L5TK30_ACIBA,tr|A0A1E3M6I5|A0A1E3M6I5_ACIBA,0.54443359375
tr|A0A1E3M5Y0|A0A1E3M5Y0_ACIBA,tr|V5VIG0|V5VIG0_ACIBA,0.54443359375
tr|V5V9P8|V5V9P8_ACIBA,tr|V5VJ41|V5VJ41_ACIBA,0.54443359375
tr|A0A1L5TSU9|A0A1L5TSU9_ACIBA,tr|V5VCY7|V5VCY7_ACIBA,0.54443359375
tr|A0A1E3M602|A0A1E3M602_ACIBA,tr|A0A077GQM3|A0A077GQM3_ACIBA,0.54443359375
tr|A0A077GD21|A0A077GD21_ACIBA,tr|V5VHR7|V5VHR7_ACIBA,0.54443359375
tr|A0A0D8GL28|A0A0D8GL28_ACIBA,tr|V5VC71|V5VC71_ACIBA,0.5439453125
tr|A0A1E3M602|A0A1E3M602_ACIBA,tr|A0A090B617|A0A090B617_ACIBA,0.5439453125
tr|V5VAW9|V5VAW9_ACIBA,tr|A0A059ZIP4|A0A059ZIP4_ACIBA,0.5439453125
tr|A0A1E3M6E5|A0A1E3M6E5_ACIBA,tr|V5VIJ9|V5VIJ9_ACIBA,0.5439453125
tr|V5VGI6|V5VGI6_ACIBA,tr|V5VG25|V5VG25_ACIBA,0.5439453125
tr|V5VDX5|V5VDX5_ACIBA,tr|V5VGD7|V5VGD7_ACIBA,0.5439453125
tr|A0A1E3M844|A0A1E3M844_ACIBA,tr|V5VG26|V5VG26_ACIBA,0.54345703125
tr|A0A1E3M7W7|A0A1E3M7W7_ACIBA,tr|V5VHL8|V5VHL8_ACIBA,0.54345703125
tr|V5VHU5|V5VHU5_ACIBA,tr|V5VHI5|V5VHI5_ACIBA,0.54345703125
tr|A0A1E3M8X1|A0A1E3M8X1_ACIBA,tr|A0A0H4USY0|A0A0H4USY0_ACIBA,0.54296875
tr|A0A059ZC72|A0A059ZC72_ACIBA,tr|A0A059ZUB2|A0A059ZUB2_ACIBA,0.54296875
tr|V5VAY8|V5VAY8_ACIBA,tr|A0A7U4WK08|A0A7U4WK08_ACIBA,0.54296875
tr|A0A1E3M7D9|A0A1E3M7D9_ACIBA,tr|V5VGI9|V5VGI9_ACIBA,0.54296875
tr|A0A1E3MBY8|A0A1E3MBY8_ACIBA,tr|A0A1E3M4J0|A0A1E3M4J0_ACIBA,0.54296875
tr|A0A1E3MD29|A0A1E3MD29_ACIBA,tr|A0A1E3M7W7|A0A1E3M7W7_ACIBA,0.54296875
tr|A0A5P1UNA0|A0A5P1UNA0_ACIBA,tr|A0A1E3M3J4|A0A1E3M3J4_ACIBA,0.54296875
tr|A0A059ZV46|A0A059ZV46_ACIBA,tr|A0A1E3M2W1|A0A1E3M2W1_ACIBA,0.54296875
tr|A0A1L5TSU9|A0A1L5TSU9_ACIBA,tr|A0A1L5TTB1|A0A1L5TTB1_ACIBA,0.54248046875
tr|Q5DL40|Q5DL40_ACIBA,tr|V5VCL4|V5VCL4_ACIBA,0.54248046875
tr|V5VBC5|V5VBC5_ACIBA,tr|A0A1E3MB58|A0A1E3MB58_ACIBA,0.54248046875
tr|A0A265A8E2|A0A265A8E2_ACIBA,tr|A0A7U4X8Y9|A0A7U4X8Y9_ACIBA,0.54248046875
tr|A0A1E3M3R1|A0A1E3M3R1_ACIBA,tr|A0A077GRM0|A0A077GRM0_ACIBA,0.5419921875
tr|V5VBP0|V5VBP0_ACIBA,tr|A0A1E3M3M1|A0A1E3M3M1_ACIBA,0.5419921875
tr|A0A1E3MAN9|A0A1E3MAN9_ACIBA,tr|A0A0D7T3Q5|A0A0D7T3Q5_ACIBA,0.5419921875
tr|A0A098SHG1|A0A098SHG1_ACIBA,tr|V5VD10|V5VD10_ACIBA,0.5419921875
tr|A0A090B695|A0A090B695_ACIBA,tr|V5VFJ3|V5VFJ3_ACIBA,0.5419921875
tr|A0A059ZII7|A0A059ZII7_ACIBA,tr|A0A1E3M4A4|A0A1E3M4A4_ACIBA,0.54150390625
tr|A0A059ZM61|A0A059ZM61_ACIBA,tr|A0A089XXH6|A0A089XXH6_ACIBA,0.54150390625
tr|A0A059ZKT7|A0A059ZKT7_ACIBA,tr|A0A5P1UGM8|A0A5P1UGM8_ACIBA,0.54150390625
tr|A0A1E3M264|A0A1E3M264_ACIBA,tr|A0A059ZGV9|A0A059ZGV9_ACIBA,0.54150390625
tr|A0A1E3M887|A0A1E3M887_ACIBA,tr|A0A1E3MA33|A0A1E3MA33_ACIBA,0.54150390625
tr|A0A1E3M3B0|A0A1E3M3B0_ACIBA,tr|A0A1E3M3M1|A0A1E3M3M1_ACIBA,0.54150390625
tr|A0A1E3M849|A0A1E3M849_ACIBA,tr|V5VCS6|V5VCS6_ACIBA,0.54150390625
tr|A0A0B9X1K0|A0A0B9X1K0_ACIBA,tr|A0ABF7PKC5|A0ABF7PKC5_ACIBA,0.541015625
tr|A0A059ZGV9|A0A059ZGV9_ACIBA,tr|A0A059ZKH5|A0A059ZKH5_ACIBA,0.541015625
tr|A0A1E3M8J2|A0A1E3M8J2_ACIBA,tr|A0A059ZQ79|A0A059ZQ79_ACIBA,0.541015625
tr|A0A1E3M7C5|A0A1E3M7C5_ACIBA,tr|E2FGC2|E2FGC2_ACIBA,0.541015625
tr|V5VGB4|V5VGB4_ACIBA,tr|V5VEZ9|V5VEZ9_ACIBA,0.541015625
tr|A0A059ZIP4|A0A059ZIP4_ACIBA,tr|V5VBV8|V5VBV8_ACIBA,0.541015625
tr|A0A1E3M7B2|A0A1E3M7B2_ACIBA,tr|A0A1E3M2N9|A0A1E3M2N9_ACIBA,0.541015625
tr|V5VDE7|V5VDE7_ACIBA,tr|V5VBD5|V5VBD5_ACIBA,0.541015625
tr|V5VIJ9|V5VIJ9_ACIBA,tr|V5VGL6|V5VGL6_ACIBA,0.54052734375
tr|V5VJ37|V5VJ37_ACIBA,tr|V5VHG0|V5VHG0_ACIBA,0.54052734375
tr|V5VGE5|V5VGE5_ACIBA,tr|V5VG36|V5VG36_ACIBA,0.54052734375
tr|A0A059ZNX5|A0A059ZNX5_ACIBA,tr|A0A0H4V184|A0A0H4V184_ACIBA,0.54052734375
tr|A0A1E3M5X4|A0A1E3M5X4_ACIBA,tr|A0A1E3M2H6|A0A1E3M2H6_ACIBA,0.54052734375
tr|A0A7U4X9P9|A0A7U4X9P9_ACIBA,tr|A0A1L5TSX4|A0A1L5TSX4_ACIBA,0.5400390625
tr|A0A1E3MBH8|A0A1E3MBH8_ACIBA,tr|V5VHR7|V5VHR7_ACIBA,0.5400390625
tr|A0A5P1UGJ3|A0A5P1UGJ3_ACIBA,tr|A0A7U4XAW1|A0A7U4XAW1_ACIBA,0.5400390625
tr|V5VBV8|V5VBV8_ACIBA,tr|V5V8P2|V5V8P2_ACIBA,0.53955078125
tr|A0A059ZUB2|A0A059ZUB2_ACIBA,tr|A0A0G4QV38|A0A0G4QV38_ACIBA,0.53955078125
tr|A0A1E3M1R5|A0A1E3M1R5_ACIBA,tr|A0A1E3MBC3|A0A1E3MBC3_ACIBA,0.53955078125
tr|A0A7U4XAW1|A0A7U4XAW1_ACIBA,tr|A0A1E3M3H4|A0A1E3M3H4_ACIBA,0.53955078125
tr|A0A1L5TSN9|A0A1L5TSN9_ACIBA,tr|A0A241ZFM7|A0A241ZFM7_ACIBA,0.53955078125
tr|A0A1E3M9D1|A0A1E3M9D1_ACIBA,tr|V5VBV8|V5VBV8_ACIBA,0.53955078125
tr|V5V9J7|V5V9J7_ACIBA,tr|V5VDL1|V5VDL1_ACIBA,0.53955078125
tr|A0A1E3M7H1|A0A1E3M7H1_ACIBA,tr|A0A1E3MAV2|A0A1E3MAV2_ACIBA,0.53955078125
tr|A0A1E3M9E0|A0A1E3M9E0_ACIBA,tr|A0A1E3M1I0|A0A1E3M1I0_ACIBA,0.53955078125
tr|A0A1E3MA55|A0A1E3MA55_ACIBA,tr|A0A1E3M8L1|A0A1E3M8L1_ACIBA,0.53955078125
tr|V5VH43|V5VH43_ACIBA,tr|A0A1E3M9E9|A0A1E3M9E9_ACIBA,0.5390625
tr|A0A1E3M5D1|A0A1E3M5D1_ACIBA,tr|A0A1E3M7X4|A0A1E3M7X4_ACIBA,0.5390625
tr|A0A1E3M627|A0A1E3M627_ACIBA,tr|A0A1E3M2H6|A0A1E3M2H6_ACIBA,0.5390625
tr|A0A1E3MBL6|A0A1E3MBL6_ACIBA,tr|A0A1E3M5S5|A0A1E3M5S5_ACIBA,0.5390625
tr|A0A0H4UN33|A0A0H4UN33_ACIBA,tr|A0A059ZUB2|A0A059ZUB2_ACIBA,0.5390625
tr|A0A1E3M6B6|A0A1E3M6B6_ACIBA,tr|A0A1L5TK30|A0A1L5TK30_ACIBA,0.5390625
tr|A0A1E3M3D6|A0A1E3M3D6_ACIBA,tr|A0A059ZKX9|A0A059ZKX9_ACIBA,0.5390625
tr|A0A1E3M3M9|A0A1E3M3M9_ACIBA,tr|A0A0D8GGJ8|A0A0D8GGJ8_ACIBA,0.5390625
tr|V5V8G9|V5V8G9_ACIBA,tr|V5VH14|V5VH14_ACIBA,0.53857421875
tr|A0A1E3M3P4|A0A1E3M3P4_ACIBA,tr|A0A1E3M1W1|A0A1E3M1W1_ACIBA,0.53857421875
tr|A0A1E3M4P4|A0A1E3M4P4_ACIBA,tr|A0A1L5TSX4|A0A1L5TSX4_ACIBA,0.53857421875
tr|A0A1E3M541|A0A1E3M541_ACIBA,tr|A0A059ZHM5|A0A059ZHM5_ACIBA,0.53857421875
tr|A0A0D5YKL9|A0A0D5YKL9_ACIBA,tr|A0A1E3M5M9|A0A1E3M5M9_ACIBA,0.53857421875
tr|A0A059ZKE5|A0A059ZKE5_ACIBA,tr|A0A3A4IKM1|A0A3A4IKM1_ACIBA,0.53857421875
tr|A0A059ZHT8|A0A059ZHT8_ACIBA,tr|A0A1E3M262|A0A1E3M262_ACIBA,0.53857421875
tr|A0A1E3M254|A0A1E3M254_ACIBA,tr|V5VHR7|V5VHR7_ACIBA,0.53857421875
tr|A0A059ZGV9|A0A059ZGV9_ACIBA,tr|V5VB02|V5VB02_ACIBA,0.5380859375
tr|V5VAQ7|V5VAQ7_ACIBA,tr|V5VBY1|V5VBY1_ACIBA,0.5380859375
tr|A0A088D9H8|A0A088D9H8_ACIBA,tr|A0A1E3M876|A0A1E3M876_ACIBA,0.5380859375
tr|A0A0H4UDL7|A0A0H4UDL7_ACIBA,tr|V5VBK5|V5VBK5_ACIBA,0.5380859375
tr|A0A1E3M7C5|A0A1E3M7C5_ACIBA,tr|V5VGM1|V5VGM1_ACIBA,0.5380859375
tr|A0A335SUX6|A0A335SUX6_ACIBA,tr|V5VDA2|V5VDA2_ACIBA,0.5380859375
tr|A0A7U4XBR3|A0A7U4XBR3_ACIBA,tr|A0A1E3MBP6|A0A1E3MBP6_ACIBA,0.5380859375
tr|A0A0E1JNE9|A0A0E1JNE9_ACIBA,tr|A0A1E3M8Y5|A0A1E3M8Y5_ACIBA,0.5380859375
tr|A0A1E3M2M0|A0A1E3M2M0_ACIBA,tr|A0A1E3MB54|A0A1E3MB54_ACIBA,0.53759765625
tr|A0A7U4X8G2|A0A7U4X8G2_ACIBA,tr|A0A1E3MD87|A0A1E3MD87_ACIBA,0.53759765625
tr|A0A1E3M8J1|A0A1E3M8J1_ACIBA,tr|A0A0E1FM87|A0A0E1FM87_ACIBA,0.53759765625
tr|A0A1E3M3T6|A0A1E3M3T6_ACIBA,tr|A0A1E3MCI8|A0A1E3MCI8_ACIBA,0.53759765625
tr|V5VHK1|V5VHK1_ACIBA,tr|V5VE65|V5VE65_ACIBA,0.537109375
tr|A0A7H1NZ26|A0A7H1NZ26_ACIBA,tr|V5VHJ5|V5VHJ5_ACIBA,0.537109375
tr|A0A1E3MAU2|A0A1E3MAU2_ACIBA,tr|A0A1E3MB24|A0A1E3MB24_ACIBA,0.537109375
tr|A0A077GSG7|A0A077GSG7_ACIBA,tr|V5VGQ6|V5VGQ6_ACIBA,0.537109375
tr|A0A0E1JNE9|A0A0E1JNE9_ACIBA,tr|A0A0D7SA90|A0A0D7SA90_ACIBA,0.537109375
tr|A0A1E3M8L3|A0A1E3M8L3_ACIBA,tr|A0A1E3M4J6|A0A1E3M4J6_ACIBA,0.537109375
tr|Q2FD68|Q2FD68_ACIBA,tr|A0A1E3M4U9|A0A1E3M4U9_ACIBA,0.537109375
tr|V5VC03|V5VC03_ACIBA,tr|A0A1E3MBH1|A0A1E3MBH1_ACIBA,0.537109375
tr|V5VJF1|V5VJF1_ACIBA,tr|A0A0H4U6W5|A0A0H4U6W5_ACIBA,0.537109375
tr|V5V8N0|V5V8N0_ACIBA,tr|V5VC03|V5VC03_ACIBA,0.537109375
tr|A0A7U5CCU9|A0A7U5CCU9_ACIBA,tr|V5V975|V5V975_ACIBA,0.537109375
tr|A0A7U4X8G2|A0A7U4X8G2_ACIBA,tr|A0A1E3M712|A0A1E3M712_ACIBA,0.537109375
tr|A0A1E3MA06|A0A1E3MA06_ACIBA,tr|V5VBV1|V5VBV1_ACIBA,0.53662109375
tr|A0A1E3M3M8|A0A1E3M3M8_ACIBA,tr|V5VBI8|V5VBI8_ACIBA,0.53662109375
tr|A0A1E3M665|A0A1E3M665_ACIBA,tr|A0A7U4X5T2|A0A7U4X5T2_ACIBA,0.53662109375
tr|A0A7U5A0E0|A0A7U5A0E0_ACIBA,tr|A0A1E3MBT2|A0A1E3MBT2_ACIBA,0.5361328125
tr|A0A1E3M5Z6|A0A1E3M5Z6_ACIBA,tr|V5V8K4|V5V8K4_ACIBA,0.5361328125
tr|A0A1E3M5D3|A0A1E3M5D3_ACIBA,tr|A0A1E3M908|A0A1E3M908_ACIBA,0.5361328125
tr|A0A1E3MBC2|A0A1E3MBC2_ACIBA,tr|A0A059ZGV9|A0A059ZGV9_ACIBA,0.5361328125
tr|V5VDT5|V5VDT5_ACIBA,tr|A0A1E3M5M9|A0A1E3M5M9_ACIBA,0.5361328125
tr|V5VFI2|V5VFI2_ACIBA,tr|V5VBC3|V5VBC3_ACIBA,0.53564453125
tr|A0A1E3MAN2|A0A1E3MAN2_ACIBA,tr|A0A1E3M2X0|A0A1E3M2X0_ACIBA,0.53564453125
tr|V5VBR5|V5VBR5_ACIBA,tr|A0A0D8GAT7|A0A0D8GAT7_ACIBA,0.53564453125
tr|A0A1E3M653|A0A1E3M653_ACIBA,tr|A0A1E3M4A4|A0A1E3M4A4_ACIBA,0.53564453125
tr|A0A1L5TQH8|A0A1L5TQH8_ACIBA,tr|A0A0D5YKL9|A0A0D5YKL9_ACIBA,0.53564453125
tr|A0A1E3M8J2|A0A1E3M8J2_ACIBA,tr|A0A1E3M5Z6|A0A1E3M5Z6_ACIBA,0.53564453125
tr|A0A1E3M3N5|A0A1E3M3N5_ACIBA,tr|A0A1E3MB90|A0A1E3MB90_ACIBA,0.53564453125
tr|A0A1E3M5S4|A0A1E3M5S4_ACIBA,tr|A0A5P1UNA0|A0A5P1UNA0_ACIBA,0.53564453125
tr|A0A1E3M836|A0A1E3M836_ACIBA,tr|A0A1E3M7V0|A0A1E3M7V0_ACIBA,0.53564453125
tr|A0A7U4X5T2|A0A7U4X5T2_ACIBA,tr|A0A059ZEK3|A0A059ZEK3_ACIBA,0.53515625
tr|V5V9P8|V5V9P8_ACIBA,tr|V5VDY0|V5VDY0_ACIBA,0.53515625
tr|A0A2P1ATI1|A0A2P1ATI1_ACIBA,tr|V5V9P8|V5V9P8_ACIBA,0.53515625
tr|V5VDA7|V5VDA7_ACIBA,tr|A0A1E3M2P5|A0A1E3M2P5_ACIBA,0.53515625
tr|A0A1E3M3L6|A0A1E3M3L6_ACIBA,tr|A0A1E3MBB2|A0A1E3MBB2_ACIBA,0.53515625
tr|V5VF03|V5VF03_ACIBA,tr|V5VFI2|V5VFI2_ACIBA,0.53515625
tr|A0A7U4X9Z1|A0A7U4X9Z1_ACIBA,tr|A0A1E3M856|A0A1E3M856_ACIBA,0.53515625
tr|V5VBI8|V5VBI8_ACIBA,tr|A0A059ZN38|A0A059ZN38_ACIBA,0.53515625
tr|V5VHF8|V5VHF8_ACIBA,tr|A0A1E3MBD4|A0A1E3MBD4_ACIBA,0.53515625
tr|V5VA57|V5VA57_ACIBA,tr|V5VDM2|V5VDM2_ACIBA,0.53515625
tr|V5V9X1|V5V9X1_ACIBA,tr|V5VAW7|V5VAW7_ACIBA,0.53515625
tr|G1CBN9|G1CBN9_ACIBA,tr|A0A0J8TDJ8|A0A0J8TDJ8_ACIBA,0.53466796875
tr|A0A1E3M802|A0A1E3M802_ACIBA,tr|A0A1E3M7S1|A0A1E3M7S1_ACIBA,0.53466796875
tr|A0A1E3M6B6|A0A1E3M6B6_ACIBA,tr|A0A1E3M675|A0A1E3M675_ACIBA,0.53466796875
tr|A0A1E3M6A2|A0A1E3M6A2_ACIBA,tr|A0A5P1UGJ3|A0A5P1UGJ3_ACIBA,0.53466796875
tr|A0A1E3M7K4|A0A1E3M7K4_ACIBA,tr|A0A1E3M655|A0A1E3M655_ACIBA,0.53466796875
tr|A0A1E3MBH2|A0A1E3MBH2_ACIBA,tr|A0A081H230|A0A081H230_ACIBA,0.53466796875
tr|A0A1E3M437|A0A1E3M437_ACIBA,tr|V5V988|V5V988_ACIBA,0.53466796875
tr|A0A0D5YLM2|A0A0D5YLM2_ACIBA,tr|A0A0H4UXK8|A0A0H4UXK8_ACIBA,0.53466796875
tr|A0A1E3M876|A0A1E3M876_ACIBA,tr|A0A1E3M8D2|A0A1E3M8D2_ACIBA,0.53466796875
tr|A0A1E3M8A2|A0A1E3M8A2_ACIBA,tr|A0A1E3MAY7|A0A1E3MAY7_ACIBA,0.5341796875
tr|A0A077GH01|A0A077GH01_ACIBA,tr|A0A059ZGU8|A0A059ZGU8_ACIBA,0.5341796875
tr|A0A7U4X8G2|A0A7U4X8G2_ACIBA,tr|A0A0H4UGL7|A0A0H4UGL7_ACIBA,0.5341796875
tr|V5VGM8|V5VGM8_ACIBA,tr|V5VAW9|V5VAW9_ACIBA,0.5341796875
tr|A0A1E3M7A1|A0A1E3M7A1_ACIBA,tr|A0A059ZNX5|A0A059ZNX5_ACIBA,0.5341796875
tr|V5VBQ0|V5VBQ0_ACIBA,tr|A0A1E3M5M9|A0A1E3M5M9_ACIBA,0.53369140625
tr|A0A1E3M520|A0A1E3M520_ACIBA,tr|A0A1E3M4A4|A0A1E3M4A4_ACIBA,0.53369140625
tr|A0A1E3M5Z6|A0A1E3M5Z6_ACIBA,tr|A0A1E3M9W2|A0A1E3M9W2_ACIBA,0.53369140625
tr|V5VH78|V5VH78_ACIBA,tr|A0A059ZHM5|A0A059ZHM5_ACIBA,0.53369140625
tr|A0A059ZUB2|A0A059ZUB2_ACIBA,tr|A0A1E3M5W1|A0A1E3M5W1_ACIBA,0.53369140625
tr|A0A1E3M6M3|A0A1E3M6M3_ACIBA,tr|A0A1E3M8Z7|A0A1E3M8Z7_ACIBA,0.53369140625
tr|A0A1E3M881|A0A1E3M881_ACIBA,tr|A0A1E3MA06|A0A1E3MA06_ACIBA,0.53369140625
tr|V5VDI8|V5VDI8_ACIBA,tr|A0A077GDY5|A0A077GDY5_ACIBA,0.53369140625
tr|A0A1E3M5S5|A0A1E3M5S5_ACIBA,tr|A0A1E3M3J3|A0A1E3M3J3_ACIBA,0.533203125
tr|A0A059ZU64|A0A059ZU64_ACIBA,tr|A0A1E3M8N0|A0A1E3M8N0_ACIBA,0.533203125
tr|V5VHI9|V5VHI9_ACIBA,tr|A0A1E3M7T8|A0A1E3M7T8_ACIBA,0.533203125
tr|A0A1E3M3L6|A0A1E3M3L6_ACIBA,tr|V5VBI8|V5VBI8_ACIBA,0.533203125
tr|A0A1E3M451|A0A1E3M451_ACIBA,tr|A0A5P1UKT1|A0A5P1UKT1_ACIBA,0.533203125
tr|A0A077GKK9|A0A077GKK9_ACIBA,tr|A0A1E3M3B0|A0A1E3M3B0_ACIBA,0.533203125
tr|A0A1E3M7A2|A0A1E3M7A2_ACIBA,tr|A0A0E1FFQ5|A0A0E1FFQ5_ACIBA,0.53271484375
tr|V5VDA7|V5VDA7_ACIBA,tr|V5VBC3|V5VBC3_ACIBA,0.53271484375
tr|A0A7U4X8G2|A0A7U4X8G2_ACIBA,tr|A0A1E3MAK3|A0A1E3MAK3_ACIBA,0.53271484375
tr|A0A1E3M6B0|A0A1E3M6B0_ACIBA,tr|A0A7U4XBR3|A0A7U4XBR3_ACIBA,0.53271484375
tr|V5VAY8|V5VAY8_ACIBA,tr|A0A1L5TRP2|A0A1L5TRP2_ACIBA,0.53271484375
tr|A0A5P1UG99|A0A5P1UG99_ACIBA,tr|A0A1E3M8B0|A0A1E3M8B0_ACIBA,0.53271484375
tr|A0A1E3M772|A0A1E3M772_ACIBA,tr|A0A1E3M3M8|A0A1E3M3M8_ACIBA,0.53271484375
tr|A0A059ZQ79|A0A059ZQ79_ACIBA,tr|A0A1E3M2N7|A0A1E3M2N7_ACIBA,0.5322265625
tr|V5VIG0|V5VIG0_ACIBA,tr|V5VFI2|V5VFI2_ACIBA,0.5322265625
tr|A0A1E3M3N6|A0A1E3M3N6_ACIBA,tr|A0A7U4X8G2|A0A7U4X8G2_ACIBA,0.5322265625
tr|A0A1E3M4I2|A0A1E3M4I2_ACIBA,tr|A0A081H968|A0A081H968_ACIBA,0.53173828125
tr|V5VBI8|V5VBI8_ACIBA,tr|A0A1E3M902|A0A1E3M902_ACIBA,0.53173828125
tr|V5VCD7|V5VCD7_ACIBA,tr|V5VB38|V5VB38_ACIBA,0.53173828125
tr|A0A1E3M4K0|A0A1E3M4K0_ACIBA,tr|V5VA62|V5VA62_ACIBA,0.53173828125
tr|A0A1E3M772|A0A1E3M772_ACIBA,tr|A0A1E3M5S5|A0A1E3M5S5_ACIBA,0.53173828125
tr|V5VG36|V5VG36_ACIBA,tr|A0A059ZJ19|A0A059ZJ19_ACIBA,0.53173828125
tr|A0A1E3M9E9|A0A1E3M9E9_ACIBA,tr|V5VBD5|V5VBD5_ACIBA,0.53173828125
tr|V5VH78|V5VH78_ACIBA,tr|A0A1E3M633|A0A1E3M633_ACIBA,0.53173828125
tr|A0A059ZQ79|A0A059ZQ79_ACIBA,tr|A0A1E3M3D6|A0A1E3M3D6_ACIBA,0.53125
tr|V5VB15|V5VB15_ACIBA,tr|A0A335FV52|A0A335FV52_ACIBA,0.53125
tr|A0A059ZRF5|A0A059ZRF5_ACIBA,tr|A0A1E3M902|A0A1E3M902_ACIBA,0.53125
tr|V5VCL4|V5VCL4_ACIBA,tr|A0A059ZQ79|A0A059ZQ79_ACIBA,0.53125
tr|V5VDM2|V5VDM2_ACIBA,tr|A0A0H4UN33|A0A0H4UN33_ACIBA,0.53125
tr|A0A1E3MBG5|A0A1E3MBG5_ACIBA,tr|V5VIH3|V5VIH3_ACIBA,0.53125
tr|A0A1E3M7H0|A0A1E3M7H0_ACIBA,tr|A0A1E3M1R5|A0A1E3M1R5_ACIBA,0.53076171875
tr|A0A1E3M8U7|A0A1E3M8U7_ACIBA,tr|A0A1E3M3N7|A0A1E3M3N7_ACIBA,0.53076171875
tr|A0A1E3M4C1|A0A1E3M4C1_ACIBA,tr|A0A1L5TSX4|A0A1L5TSX4_ACIBA,0.53076171875
tr|V5V940|V5V940_ACIBA,tr|V5VDL1|V5VDL1_ACIBA,0.53076171875
tr|A0A081H5Y7|A0A081H5Y7_ACIBA,tr|A0A5P1UF67|A0A5P1UF67_ACIBA,0.53076171875
tr|A0A1E3MA87|A0A1E3MA87_ACIBA,tr|A0A1E3M9X9|A0A1E3M9X9_ACIBA,0.53076171875
tr|A0A1E3M4L3|A0A1E3M4L3_ACIBA,tr|V5VJ41|V5VJ41_ACIBA,0.53076171875
tr|A0A1E3M2Y3|A0A1E3M2Y3_ACIBA,tr|A0A7H1NVT4|A0A7H1NVT4_ACIBA,0.53076171875
tr|A0A0D5YKL9|A0A0D5YKL9_ACIBA,tr|A0A1E3M4H2|A0A1E3M4H2_ACIBA,0.53076171875
tr|V5VFI2|V5VFI2_ACIBA,tr|A0A1E3M2P5|A0A1E3M2P5_ACIBA,0.5302734375
tr|A0A5P1UFP4|A0A5P1UFP4_ACIBA,tr|A0A1E3M3H4|A0A1E3M3H4_ACIBA,0.5302734375
tr|A0A1E3M9S4|A0A1E3M9S4_ACIBA,tr|A0A1E3M1R5|A0A1E3M1R5_ACIBA,0.5302734375
tr|A0A059ZMH7|A0A059ZMH7_ACIBA,tr|V5VGD7|V5VGD7_ACIBA,0.5302734375
tr|A0A0G4QSW7|A0A0G4QSW7_ACIBA,tr|A0A1E3M2V3|A0A1E3M2V3_ACIBA,0.52978515625
tr|V5VDL1|V5VDL1_ACIBA,tr|V5VD51|V5VD51_ACIBA,0.52978515625
tr|A0A1E3M5V4|A0A1E3M5V4_ACIBA,tr|A0A1E3M7W7|A0A1E3M7W7_ACIBA,0.52978515625
tr|V5VAB7|V5VAB7_ACIBA,tr|G1C6X4|G1C6X4_ACIBA,0.52978515625
tr|A0A081H968|A0A081H968_ACIBA,tr|A0A081GT81|A0A081GT81_ACIBA,0.52978515625
tr|A0A059ZMF7|A0A059ZMF7_ACIBA,tr|A0A1E3M902|A0A1E3M902_ACIBA,0.52978515625
tr|A0A090C1L2|A0A090C1L2_ACIBA,tr|A0A059ZU64|A0A059ZU64_ACIBA,0.52978515625
tr|A0A0E1FFQ5|A0A0E1FFQ5_ACIBA,tr|A0A1E3M738|A0A1E3M738_ACIBA,0.52978515625
tr|A0A0E1FM87|A0A0E1FM87_ACIBA,tr|A0A7U5A0E0|A0A7U5A0E0_ACIBA,0.529296875
tr|A0A059ZV46|A0A059ZV46_ACIBA,tr|A0A1E3M5S4|A0A1E3M5S4_ACIBA,0.529296875
tr|A0A0H4UB59|A0A0H4UB59_ACIBA,tr|V5V926|V5V926_ACIBA,0.529296875
tr|V5V8P2|V5V8P2_ACIBA,tr|V5V926|V5V926_ACIBA,0.529296875
tr|A0A1E3M770|A0A1E3M770_ACIBA,tr|V5VGC7|V5VGC7_ACIBA,0.529296875
tr|A0A1E3M9E0|A0A1E3M9E0_ACIBA,tr|A0A1E3M3X8|A0A1E3M3X8_ACIBA,0.52880859375
tr|A0A081GZ55|A0A081GZ55_ACIBA,tr|A0A1E3MBG7|A0A1E3MBG7_ACIBA,0.52880859375
tr|V5V9C7|V5V9C7_ACIBA,tr|A0A077GI86|A0A077GI86_ACIBA,0.52880859375
tr|V5VG04|V5VG04_ACIBA,tr|A0A059ZUB2|A0A059ZUB2_ACIBA,0.52880859375
tr|A0A1E3M7A2|A0A1E3M7A2_ACIBA,tr|V5VF03|V5VF03_ACIBA,0.52880859375
tr|A0A1E3M8B0|A0A1E3M8B0_ACIBA,tr|A0A1E3M3M9|A0A1E3M3M9_ACIBA,0.5283203125
tr|A0A1E3MDG8|A0A1E3MDG8_ACIBA,tr|A0A1E3M5S5|A0A1E3M5S5_ACIBA,0.5283203125
tr|V5VAD3|V5VAD3_ACIBA,tr|A0A1E3MBE7|A0A1E3MBE7_ACIBA,0.5283203125
tr|V5VG25|V5VG25_ACIBA,tr|V5VG19|V5VG19_ACIBA,0.5283203125
tr|A0A081GZ55|A0A081GZ55_ACIBA,tr|A0A0H4UDL7|A0A0H4UDL7_ACIBA,0.5283203125
tr|V5VIZ3|V5VIZ3_ACIBA,tr|A0A0F5WZ42|A0A0F5WZ42_ACIBA,0.5283203125
tr|V5VJF1|V5VJF1_ACIBA,tr|A0A1E3M653|A0A1E3M653_ACIBA,0.5283203125
tr|A0A1E3M7A2|A0A1E3M7A2_ACIBA,tr|A0A1E3MAU0|A0A1E3MAU0_ACIBA,0.5283203125
tr|A0A1E3M797|A0A1E3M797_ACIBA,tr|V5VBR0|V5VBR0_ACIBA,0.52783203125
tr|A0A1E3M2A9|A0A1E3M2A9_ACIBA,tr|A0A1E3M630|A0A1E3M630_ACIBA,0.52783203125
tr|A0A1E3M3K3|A0A1E3M3K3_ACIBA,tr|A0A7U4X8G2|A0A7U4X8G2_ACIBA,0.52783203125
tr|A0A0J8VXQ3|A0A0J8VXQ3_ACIBA,tr|A0A1E3M5N0|A0A1E3M5N0_ACIBA,0.52783203125
tr|A0A5P1UJC1|A0A5P1UJC1_ACIBA,tr|R9RIN9|R9RIN9_ACIBA,0.52783203125
tr|V5VGY0|V5VGY0_ACIBA,tr|A0A1E3M598|A0A1E3M598_ACIBA,0.52783203125
tr|V5VBM4|V5VBM4_ACIBA,tr|A0A077GN97|A0A077GN97_ACIBA,0.52783203125
tr|A0A1E3M393|A0A1E3M393_ACIBA,tr|A0A0H4UWN7|A0A0H4UWN7_ACIBA,0.52734375
tr|A0A0F4EMX0|A0A0F4EMX0_ACIBA,tr|V5VH14|V5VH14_ACIBA,0.52734375
tr|A0A090C0V0|A0A090C0V0_ACIBA,tr|A0A059ZHD8|A0A059ZHD8_ACIBA,0.52734375
tr|A0A059ZTY9|A0A059ZTY9_ACIBA,tr|A0A5P1UF67|A0A5P1UF67_ACIBA,0.52685546875
tr|A0A7U4X5T2|A0A7U4X5T2_ACIBA,tr|A0A7U4X5S4|A0A7U4X5S4_ACIBA,0.52685546875
tr|V5VB41|V5VB41_ACIBA,tr|A0A059ZGZ2|A0A059ZGZ2_ACIBA,0.52685546875
tr|V5VHR0|V5VHR0_ACIBA,tr|V5VHZ7|V5VHZ7_ACIBA,0.52685546875
tr|V5V8K0|V5V8K0_ACIBA,tr|V5VIH3|V5VIH3_ACIBA,0.52685546875
tr|A0A1E3M8F5|A0A1E3M8F5_ACIBA,tr|A0A0D5YKL9|A0A0D5YKL9_ACIBA,0.52685546875
tr|A0A1E3M924|A0A1E3M924_ACIBA,tr|V5VBI8|V5VBI8_ACIBA,0.52685546875
tr|A0A1E3MBM4|A0A1E3MBM4_ACIBA,tr|A0A7U4XAW1|A0A7U4XAW1_ACIBA,0.52685546875
tr|A0A059ZKE5|A0A059ZKE5_ACIBA,tr|A0A5P1UH27|A0A5P1UH27_ACIBA,0.5263671875
tr|V5VA62|V5VA62_ACIBA,tr|A0A1E3M5V4|A0A1E3M5V4_ACIBA,0.5263671875
tr|V5V9P8|V5V9P8_ACIBA,tr|V5VGE8|V5VGE8_ACIBA,0.5263671875
tr|A0A1E3M5Z3|A0A1E3M5Z3_ACIBA,tr|A0A1E3M655|A0A1E3M655_ACIBA,0.5263671875
tr|A0A1E3M7I0|A0A1E3M7I0_ACIBA,tr|A0A1E3M3T9|A0A1E3M3T9_ACIBA,0.5263671875
tr|A0A1E3M2K4|A0A1E3M2K4_ACIBA,tr|A0A1E3M567|A0A1E3M567_ACIBA,0.52587890625
tr|A0A1E3M9W2|A0A1E3M9W2_ACIBA,tr|A0A077GN97|A0A077GN97_ACIBA,0.52587890625
tr|A0A5P1UGJ3|A0A5P1UGJ3_ACIBA,tr|A0A7U4XBR3|A0A7U4XBR3_ACIBA,0.52587890625
tr|A0A1E3M5Z3|A0A1E3M5Z3_ACIBA,tr|A0A1L5TK30|A0A1L5TK30_ACIBA,0.52587890625
tr|A0A0D8FDZ3|A0A0D8FDZ3_ACIBA,tr|V5VHR7|V5VHR7_ACIBA,0.52587890625
tr|A0A0D7T9H5|A0A0D7T9H5_ACIBA,tr|A0A335FV52|A0A335FV52_ACIBA,0.52587890625
tr|A0A7U4X8G2|A0A7U4X8G2_ACIBA,tr|A0A0H5F8L1|A0A0H5F8L1_ACIBA,0.52587890625
tr|A0A1L5TKS0|A0A1L5TKS0_ACIBA,tr|A0A241ZFM7|A0A241ZFM7_ACIBA,0.52587890625
tr|V5VG96|V5VG96_ACIBA,tr|V5VH30|V5VH30_ACIBA,0.52587890625
tr|A0A059ZNX5|A0A059ZNX5_ACIBA,tr|A0A0G3D062|A0A0G3D062_ACIBA,0.52587890625
tr|A0A1E3M7H1|A0A1E3M7H1_ACIBA,tr|A0A0H4UGL7|A0A0H4UGL7_ACIBA,0.525390625
tr|A0A5P1UGM8|A0A5P1UGM8_ACIBA,tr|A0A1E3M3L6|A0A1E3M3L6_ACIBA,0.525390625
tr|A0A1E3M5Y0|A0A1E3M5Y0_ACIBA,tr|A0A059ZKX9|A0A059ZKX9_ACIBA,0.525390625
tr|A0A1E3M4C1|A0A1E3M4C1_ACIBA,tr|V5VGI9|V5VGI9_ACIBA,0.525390625
tr|A0A1E3M450|A0A1E3M450_ACIBA,tr|A0A1E3M655|A0A1E3M655_ACIBA,0.525390625
tr|A0A1E3M544|A0A1E3M544_ACIBA,tr|V5VBI8|V5VBI8_ACIBA,0.525390625
tr|V5VHK1|V5VHK1_ACIBA,tr|A0A1E3M5S5|A0A1E3M5S5_ACIBA,0.525390625
tr|A0A0D7R4R1|A0A0D7R4R1_ACIBA,tr|V5VBY1|V5VBY1_ACIBA,0.525390625
tr|V5VHU4|V5VHU4_ACIBA,tr|A0A1E3MA61|A0A1E3MA61_ACIBA,0.525390625
tr|V5VHT4|V5VHT4_ACIBA,tr|A0A1E3M2N7|A0A1E3M2N7_ACIBA,0.525390625
tr|A0A7U4X5S4|A0A7U4X5S4_ACIBA,tr|A0A1E3M5M9|A0A1E3M5M9_ACIBA,0.52490234375
tr|A0A1E3M8U7|A0A1E3M8U7_ACIBA,tr|A0A1E3MB52|A0A1E3MB52_ACIBA,0.52490234375
tr|A0A1E3M8J2|A0A1E3M8J2_ACIBA,tr|A0A1E3M5Y0|A0A1E3M5Y0_ACIBA,0.52490234375
tr|A0A7U4XC65|A0A7U4XC65_ACIBA,tr|A0A059ZTY9|A0A059ZTY9_ACIBA,0.52490234375
tr|A0A7U4XC65|A0A7U4XC65_ACIBA,tr|A0A1E3M9W2|A0A1E3M9W2_ACIBA,0.52490234375
tr|V5VH14|V5VH14_ACIBA,tr|A0A1E3MBF9|A0A1E3MBF9_ACIBA,0.52490234375
tr|V5VCD7|V5VCD7_ACIBA,tr|A0A1E3MB54|A0A1E3MB54_ACIBA,0.5244140625
tr|A0A077GN97|A0A077GN97_ACIBA,tr|A0A059ZKX9|A0A059ZKX9_ACIBA,0.5244140625
tr|V5VB15|V5VB15_ACIBA,tr|A0A0G4QSW7|A0A0G4QSW7_ACIBA,0.5244140625
tr|A0A5P1UI52|A0A5P1UI52_ACIBA,tr|A0A059ZHD8|A0A059ZHD8_ACIBA,0.5244140625
tr|A0A077GHZ9|A0A077GHZ9_ACIBA,tr|V5VBV8|V5VBV8_ACIBA,0.5244140625
tr|A0A1E3MB03|A0A1E3MB03_ACIBA,tr|A0A0J8TH59|A0A0J8TH59_ACIBA,0.5244140625
tr|A0A1E3M5H2|A0A1E3M5H2_ACIBA,tr|A0A059ZQ79|A0A059ZQ79_ACIBA,0.5244140625
tr|A0A1E3M7U6|A0A1E3M7U6_ACIBA,tr|V5V9E1|V5V9E1_ACIBA,0.5244140625
tr|A0A059ZU64|A0A059ZU64_ACIBA,tr|A0A1E3M450|A0A1E3M450_ACIBA,0.52392578125
tr|A0A1E3M4R7|A0A1E3M4R7_ACIBA,tr|A0A1E3M2B1|A0A1E3M2B1_ACIBA,0.5234375
tr|V5VAY8|V5VAY8_ACIBA,tr|V5V947|V5V947_ACIBA,0.5234375
tr|A0A059ZGV9|A0A059ZGV9_ACIBA,tr|A0A1E3M7K4|A0A1E3M7K4_ACIBA,0.5234375
tr|V5VGI5|V5VGI5_ACIBA,tr|A0A0D8FGA4|A0A0D8FGA4_ACIBA,0.5234375
tr|A0A059ZUB2|A0A059ZUB2_ACIBA,tr|A0A1E3M7C2|A0A1E3M7C2_ACIBA,0.5234375
tr|V5VHJ5|V5VHJ5_ACIBA,tr|V5VI03|V5VI03_ACIBA,0.5234375
tr|A0A1E3MBC3|A0A1E3MBC3_ACIBA,tr|V5VGL6|V5VGL6_ACIBA,0.5234375
tr|A0A059ZN38|A0A059ZN38_ACIBA,tr|A0A1E3MBY8|A0A1E3MBY8_ACIBA,0.5234375
tr|A0A081GRY3|A0A081GRY3_ACIBA,tr|A0A1E3M3M8|A0A1E3M3M8_ACIBA,0.5234375
tr|A0A1E3M2W9|A0A1E3M2W9_ACIBA,tr|A0A1E3M2Y5|A0A1E3M2Y5_ACIBA,0.52294921875
tr|A0A1L5TSG7|A0A1L5TSG7_ACIBA,tr|V5VDU5|V5VDU5_ACIBA,0.52294921875
tr|V5VBR5|V5VBR5_ACIBA,tr|A0A059ZQ79|A0A059ZQ79_ACIBA,0.52294921875
tr|A0A1E3M2A9|A0A1E3M2A9_ACIBA,tr|A0A1E3M9X9|A0A1E3M9X9_ACIBA,0.52294921875
tr|A0A0E1JI29|A0A0E1JI29_ACIBA,tr|V5VH51|V5VH51_ACIBA,0.52294921875
tr|A0A1E3M5M9|A0A1E3M5M9_ACIBA,tr|A0A0D8GKK4|A0A0D8GKK4_ACIBA,0.52294921875
tr|A0A265A9M9|A0A265A9M9_ACIBA,tr|A0A1E3M9S6|A0A1E3M9S6_ACIBA,0.52294921875
tr|A0A059ZNU1|A0A059ZNU1_ACIBA,tr|A0A0G4QSW7|A0A0G4QSW7_ACIBA,0.52294921875
tr|V5VG19|V5VG19_ACIBA,tr|A0A1E3M306|A0A1E3M306_ACIBA,0.52294921875
tr|V5VCK8|V5VCK8_ACIBA,tr|A0A1E3M1R5|A0A1E3M1R5_ACIBA,0.5224609375
tr|V5VHT4|V5VHT4_ACIBA,tr|A0A1E3M5S5|A0A1E3M5S5_ACIBA,0.5224609375
tr|A0A1E3MAB6|A0A1E3MAB6_ACIBA,tr|A0A1E3MB90|A0A1E3MB90_ACIBA,0.5224609375
tr|A0A090C1L2|A0A090C1L2_ACIBA,tr|V5VHJ5|V5VHJ5_ACIBA,0.5224609375
tr|A0A1E3M431|A0A1E3M431_ACIBA,tr|A0A1E3M7B2|A0A1E3M7B2_ACIBA,0.5224609375
tr|V5VIJ9|V5VIJ9_ACIBA,tr|A0A1E3M9K8|A0A1E3M9K8_ACIBA,0.5224609375
tr|A0A1E3M9E9|A0A1E3M9E9_ACIBA,tr|A0A5P1UIB3|A0A5P1UIB3_ACIBA,0.5224609375
tr|A0A1E3M660|A0A1E3M660_ACIBA,tr|V5VHR7|V5VHR7_ACIBA,0.5224609375
tr|A0A0D5YKV8|A0A0D5YKV8_ACIBA,tr|V5VHR7|V5VHR7_ACIBA,0.52197265625
tr|A0A1E3M5S5|A0A1E3M5S5_ACIBA,tr|A0A059ZQ79|A0A059ZQ79_ACIBA,0.52197265625
tr|A0A1E3M728|A0A1E3M728_ACIBA,tr|A0A1E3M5S5|A0A1E3M5S5_ACIBA,0.52197265625
tr|A0A1E3M4L3|A0A1E3M4L3_ACIBA,tr|A0A1E3M9S6|A0A1E3M9S6_ACIBA,0.52197265625
tr|V5VH42|V5VH42_ACIBA,tr|V5VD32|V5VD32_ACIBA,0.52197265625
tr|A0A059ZGZ2|A0A059ZGZ2_ACIBA,tr|A0A0D7SA90|A0A0D7SA90_ACIBA,0.52197265625
tr|V5VCF7|V5VCF7_ACIBA,tr|V5VDT3|V5VDT3_ACIBA,0.52197265625
tr|V5VH30|V5VH30_ACIBA,tr|V5VGR2|V5VGR2_ACIBA,0.52197265625
tr|A0A1V3D8R1|A0A1V3D8R1_ACIBA,tr|A0A1E3M9P5|A0A1E3M9P5_ACIBA,0.521484375
tr|A0A1E3M462|A0A1E3M462_ACIBA,tr|A0A077GIT0|A0A077GIT0_ACIBA,0.521484375
tr|A0A1E3M2N7|A0A1E3M2N7_ACIBA,tr|A0A1E3M577|A0A1E3M577_ACIBA,0.521484375
tr|A0A077GI86|A0A077GI86_ACIBA,tr|A0A1E3MB90|A0A1E3MB90_ACIBA,0.521484375
tr|A0A0C0BUH9|A0A0C0BUH9_ACIBA,tr|V5VGN9|V5VGN9_ACIBA,0.521484375
tr|V5VCP1|V5VCP1_ACIBA,tr|A0A1E3M5A6|A0A1E3M5A6_ACIBA,0.521484375
tr|A0A5P1UGM8|A0A5P1UGM8_ACIBA,tr|V5VGN9|V5VGN9_ACIBA,0.521484375
tr|V5VFI2|V5VFI2_ACIBA,tr|A0A1E3M5U1|A0A1E3M5U1_ACIBA,0.521484375
tr|A0A1E3M8I3|A0A1E3M8I3_ACIBA,tr|A0A7U4X5S4|A0A7U4X5S4_ACIBA,0.521484375
tr|A0A089XXH6|A0A089XXH6_ACIBA,tr|A0A0E1FJZ5|A0A0E1FJZ5_ACIBA,0.521484375
tr|A0A1E3M3T6|A0A1E3M3T6_ACIBA,tr|V5V8P2|V5V8P2_ACIBA,0.52099609375
tr|A0A077GGD9|A0A077GGD9_ACIBA,tr|A0A081H968|A0A081H968_ACIBA,0.52099609375
tr|A0A1E3M1Z1|A0A1E3M1Z1_ACIBA,tr|A0A059ZNX5|A0A059ZNX5_ACIBA,0.52099609375
tr|A0A1E3M581|A0A1E3M581_ACIBA,tr|A0A1E3M2M3|A0A1E3M2M3_ACIBA,0.5205078125
tr|A0A1E3MA13|A0A1E3MA13_ACIBA,tr|V5VAY8|V5VAY8_ACIBA,0.5205078125
tr|V5V9B2|V5V9B2_ACIBA,tr|A0A1E3M2F8|A0A1E3M2F8_ACIBA,0.5205078125
tr|A0A0D5YDF7|A0A0D5YDF7_ACIBA,tr|V5VCD7|V5VCD7_ACIBA,0.5205078125
tr|A0A090B9I7|A0A090B9I7_ACIBA,tr|V5VF49|V5VF49_ACIBA,0.5205078125
tr|A0A090B695|A0A090B695_ACIBA,tr|V5VJG0|V5VJG0_ACIBA,0.5205078125
tr|V5VHN5|V5VHN5_ACIBA,tr|A0A1E3M4V1|A0A1E3M4V1_ACIBA,0.5205078125
tr|V5VIH3|V5VIH3_ACIBA,tr|A0A059ZTE3|A0A059ZTE3_ACIBA,0.5205078125
tr|A0A1L5TKS0|A0A1L5TKS0_ACIBA,tr|A0A1E3MBT2|A0A1E3MBT2_ACIBA,0.5205078125
tr|A0A1E3MBS1|A0A1E3MBS1_ACIBA,tr|V5VG47|V5VG47_ACIBA,0.5205078125
tr|V5V8K4|V5V8K4_ACIBA,tr|A0A077GN97|A0A077GN97_ACIBA,0.52001953125
tr|A0A1E3M665|A0A1E3M665_ACIBA,tr|A0A1E3M675|A0A1E3M675_ACIBA,0.52001953125
tr|A0A1L5TSX4|A0A1L5TSX4_ACIBA,tr|A0A0G3D1F5|A0A0G3D1F5_ACIBA,0.52001953125
tr|V5VBP0|V5VBP0_ACIBA,tr|A0A1E3M841|A0A1E3M841_ACIBA,0.52001953125
tr|V5VHE1|V5VHE1_ACIBA,tr|V5VH05|V5VH05_ACIBA,0.51953125
tr|A0A0Q3LS70|A0A0Q3LS70_ACIBA,tr|A0A0D5YKV8|A0A0D5YKV8_ACIBA,0.51953125
tr|V5VHT4|V5VHT4_ACIBA,tr|A0A1E3M5M9|A0A1E3M5M9_ACIBA,0.51953125
tr|A0A1E3M7L9|A0A1E3M7L9_ACIBA,tr|A0A1E3M6D9|A0A1E3M6D9_ACIBA,0.51953125
tr|A0A1E3M9S6|A0A1E3M9S6_ACIBA,tr|A0A086I237|A0A086I237_ACIBA,0.51953125
tr|A0A1E3M3T6|A0A1E3M3T6_ACIBA,tr|A0A7U4X9P9|A0A7U4X9P9_ACIBA,0.51953125
tr|A0A1E3M763|A0A1E3M763_ACIBA,tr|A0A5P1UKT1|A0A5P1UKT1_ACIBA,0.51953125
tr|A0A098SKY8|A0A098SKY8_ACIBA,tr|A0A059ZQ79|A0A059ZQ79_ACIBA,0.51953125
tr|A0A0H4UF90|A0A0H4UF90_ACIBA,tr|V5VHR7|V5VHR7_ACIBA,0.51953125
tr|V5VDT3|V5VDT3_ACIBA,tr|V5VBQ0|V5VBQ0_ACIBA,0.51953125
tr|A0A1E3M3K3|A0A1E3M3K3_ACIBA,tr|A0A1E3M712|A0A1E3M712_ACIBA,0.51904296875
tr|A0A059ZJD2|A0A059ZJD2_ACIBA,tr|V5VGM8|V5VGM8_ACIBA,0.51904296875
tr|A0A7U4X9P9|A0A7U4X9P9_ACIBA,tr|A0A1E3M3D6|A0A1E3M3D6_ACIBA,0.51904296875
tr|A0A1L5TM91|A0A1L5TM91_ACIBA,tr|A0A1E3M3H4|A0A1E3M3H4_ACIBA,0.51904296875
tr|A0A7U4XAW1|A0A7U4XAW1_ACIBA,tr|A0A7U4XBR3|A0A7U4XBR3_ACIBA,0.51904296875
tr|V5VGY2|V5VGY2_ACIBA,tr|A0A1E3M7G2|A0A1E3M7G2_ACIBA,0.51904296875
tr|A0A7U4XBR3|A0A7U4XBR3_ACIBA,tr|A0A1E3M3H4|A0A1E3M3H4_ACIBA,0.51904296875
tr|A0A1E3M2Q0|A0A1E3M2Q0_ACIBA,tr|A0A1E3MA06|A0A1E3MA06_ACIBA,0.51904296875
tr|V5VAN7|V5VAN7_ACIBA,tr|V5VBE6|V5VBE6_ACIBA,0.51904296875
tr|A0A0E1JK17|A0A0E1JK17_ACIBA,tr|V5V9B2|V5V9B2_ACIBA,0.5185546875
tr|V5VAZ8|V5VAZ8_ACIBA,tr|A0A5P1UF67|A0A5P1UF67_ACIBA,0.5185546875
tr|A0A7H1NVT4|A0A7H1NVT4_ACIBA,tr|A0A059ZEY1|A0A059ZEY1_ACIBA,0.5185546875
tr|A0A1E3M348|A0A1E3M348_ACIBA,tr|A0A059ZLC4|A0A059ZLC4_ACIBA,0.5185546875
tr|A0A059ZTE3|A0A059ZTE3_ACIBA,tr|V5VBC5|V5VBC5_ACIBA,0.5185546875
tr|A0A077GTB2|A0A077GTB2_ACIBA,tr|A0A077GIT0|A0A077GIT0_ACIBA,0.5185546875
tr|V5VGT4|V5VGT4_ACIBA,tr|A0A077GN97|A0A077GN97_ACIBA,0.5185546875
tr|A0A1E3M7V0|A0A1E3M7V0_ACIBA,tr|A0A1E3M4W8|A0A1E3M4W8_ACIBA,0.51806640625
tr|V5VD44|V5VD44_ACIBA,tr|A0A1E3M4Y4|A0A1E3M4Y4_ACIBA,0.51806640625
tr|G1C6X4|G1C6X4_ACIBA,tr|V5VAD5|V5VAD5_ACIBA,0.51806640625
tr|A0A1E3M6H2|A0A1E3M6H2_ACIBA,tr|V5VAF2|V5VAF2_ACIBA,0.51806640625
tr|V5VAS0|V5VAS0_ACIBA,tr|A0A1E3M5Y0|A0A1E3M5Y0_ACIBA,0.51806640625
tr|V5VAX2|V5VAX2_ACIBA,tr|A0A077GIT0|A0A077GIT0_ACIBA,0.51806640625
tr|A0A1L5TMN0|A0A1L5TMN0_ACIBA,tr|A0A5P1UGJ3|A0A5P1UGJ3_ACIBA,0.517578125
tr|A0A1L5TS46|A0A1L5TS46_ACIBA,tr|A0A1E3M495|A0A1E3M495_ACIBA,0.517578125
tr|V5VBI8|V5VBI8_ACIBA,tr|A0A1E3M2W1|A0A1E3M2W1_ACIBA,0.517578125
tr|A0A1E3M1S4|A0A1E3M1S4_ACIBA,tr|A0A5P1UI65|A0A5P1UI65_ACIBA,0.517578125
tr|A0A0B9XB88|A0A0B9XB88_ACIBA,tr|A0A1E3M8I3|A0A1E3M8I3_ACIBA,0.517578125
tr|V5VAU4|V5VAU4_ACIBA,tr|V5VDL9|V5VDL9_ACIBA,0.517578125
tr|V5VHT4|V5VHT4_ACIBA,tr|A0A1L5TSX4|A0A1L5TSX4_ACIBA,0.517578125
tr|V5VHN7|V5VHN7_ACIBA,tr|A0A1E3M3K3|A0A1E3M3K3_ACIBA,0.51708984375
tr|A0A1E3M3T6|A0A1E3M3T6_ACIBA,tr|V5VFK6|V5VFK6_ACIBA,0.51708984375
tr|A0A1E3M5M9|A0A1E3M5M9_ACIBA,tr|A0A0D7T9H5|A0A0D7T9H5_ACIBA,0.51708984375
tr|A0A1E3M262|A0A1E3M262_ACIBA,tr|V5VH14|V5VH14_ACIBA,0.51708984375
tr|A0A7U4X9P9|A0A7U4X9P9_ACIBA,tr|A0A084XPW4|A0A084XPW4_ACIBA,0.51708984375
tr|A0A077GIT0|A0A077GIT0_ACIBA,tr|A0A088D9H8|A0A088D9H8_ACIBA,0.51708984375
tr|A0A1E3M802|A0A1E3M802_ACIBA,tr|A0A1E3M7V3|A0A1E3M7V3_ACIBA,0.5166015625
tr|A0A1E3M5D1|A0A1E3M5D1_ACIBA,tr|A0A1E3M630|A0A1E3M630_ACIBA,0.5166015625
tr|V5VAW7|V5VAW7_ACIBA,tr|V5V9I8|V5V9I8_ACIBA,0.5166015625
tr|A0A1E3MDH8|A0A1E3MDH8_ACIBA,tr|V5VHL8|V5VHL8_ACIBA,0.5166015625
tr|V5VHN5|V5VHN5_ACIBA,tr|A0A059ZC72|A0A059ZC72_ACIBA,0.5166015625
tr|V5VFI2|V5VFI2_ACIBA,tr|A0A1E3M5W2|A0A1E3M5W2_ACIBA,0.5166015625
tr|A0A1E3M3N5|A0A1E3M3N5_ACIBA,tr|A0A1E3M544|A0A1E3M544_ACIBA,0.5166015625
tr|A0A1E3M772|A0A1E3M772_ACIBA,tr|A0A1E3M4P4|A0A1E3M4P4_ACIBA,0.51611328125
tr|A0A1E3M2P5|A0A1E3M2P5_ACIBA,tr|A0A1E3M5S4|A0A1E3M5S4_ACIBA,0.51611328125
tr|A0A1E3M2M0|A0A1E3M2M0_ACIBA,tr|V5VB38|V5VB38_ACIBA,0.51611328125
tr|A0A090BBP5|A0A090BBP5_ACIBA,tr|A0A1E3M797|A0A1E3M797_ACIBA,0.51611328125
tr|A0A059ZEK3|A0A059ZEK3_ACIBA,tr|A0A098SKH2|A0A098SKH2_ACIBA,0.51611328125
tr|A0A265A9M9|A0A265A9M9_ACIBA,tr|A0A081H968|A0A081H968_ACIBA,0.51611328125
tr|A0A0F5EGK7|A0A0F5EGK7_ACIBA,tr|A0A059ZKE5|A0A059ZKE5_ACIBA,0.51611328125
tr|A0A1E3M5V4|A0A1E3M5V4_ACIBA,tr|A0A0B9W5M8|A0A0B9W5M8_ACIBA,0.51611328125
tr|A0A7U4WK08|A0A7U4WK08_ACIBA,tr|A0A1E3M5M9|A0A1E3M5M9_ACIBA,0.51611328125
tr|A0A086I237|A0A086I237_ACIBA,tr|A0A059ZUB2|A0A059ZUB2_ACIBA,0.51611328125
tr|A0A1E3M8I3|A0A1E3M8I3_ACIBA,tr|A0A077GQM3|A0A077GQM3_ACIBA,0.51611328125
tr|A0A1E3M2N7|A0A1E3M2N7_ACIBA,tr|A0A059ZKX9|A0A059ZKX9_ACIBA,0.515625
tr|A0A0H4UGL7|A0A0H4UGL7_ACIBA,tr|A0A1E3M712|A0A1E3M712_ACIBA,0.515625
tr|A0A1E3M8Y1|A0A1E3M8Y1_ACIBA,tr|A0A1E3M2W9|A0A1E3M2W9_ACIBA,0.515625
tr|A0A1L5TM91|A0A1L5TM91_ACIBA,tr|A0A1E3M8J1|A0A1E3M8J1_ACIBA,0.515625
tr|V5VAM5|V5VAM5_ACIBA,tr|V5VBV8|V5VBV8_ACIBA,0.515625
tr|V5VHN5|V5VHN5_ACIBA,tr|A0A1E3M9J9|A0A1E3M9J9_ACIBA,0.51513671875
tr|A0A1E3M630|A0A1E3M630_ACIBA,tr|A0A1E3M5S5|A0A1E3M5S5_ACIBA,0.51513671875
tr|V5VAW9|V5VAW9_ACIBA,tr|V5VAX2|V5VAX2_ACIBA,0.51513671875
tr|V5VAZ7|V5VAZ7_ACIBA,tr|V5VCB3|V5VCB3_ACIBA,0.51513671875
tr|A0A1A1SVI5|A0A1A1SVI5_ACIBA,tr|A0A1E3M908|A0A1E3M908_ACIBA,0.51513671875
tr|A0A265A9M9|A0A265A9M9_ACIBA,tr|V5VC90|V5VC90_ACIBA,0.51513671875
tr|A0A1E3M602|A0A1E3M602_ACIBA,tr|A0A1E3M5M9|A0A1E3M5M9_ACIBA,0.51513671875
tr|A0A077GSG7|A0A077GSG7_ACIBA,tr|A0A0E1FFQ5|A0A0E1FFQ5_ACIBA,0.51513671875
tr|V5VCB4|V5VCB4_ACIBA,tr|A0A1E3M797|A0A1E3M797_ACIBA,0.51513671875
tr|A0A059ZHT8|A0A059ZHT8_ACIBA,tr|V5VIH3|V5VIH3_ACIBA,0.51513671875
tr|A0A1E3MAN9|A0A1E3MAN9_ACIBA,tr|A0A1E3M462|A0A1E3M462_ACIBA,0.5146484375
tr|V5VGM8|V5VGM8_ACIBA,tr|V5VAB5|V5VAB5_ACIBA,0.5146484375
tr|A0A1E3MAV2|A0A1E3MAV2_ACIBA,tr|A0A1E3MB54|A0A1E3MB54_ACIBA,0.5146484375
tr|A0A0H4UC64|A0A0H4UC64_ACIBA,tr|V5VHF8|V5VHF8_ACIBA,0.5146484375
tr|A0A0B9W5M8|A0A0B9W5M8_ACIBA,tr|A0A1E3M5T3|A0A1E3M5T3_ACIBA,0.5146484375
tr|A0A1E3M3L6|A0A1E3M3L6_ACIBA,tr|A0A1E3M3N5|A0A1E3M3N5_ACIBA,0.5146484375
tr|A0A5P1UDD1|A0A5P1UDD1_ACIBA,tr|V5VD32|V5VD32_ACIBA,0.51416015625
tr|V5VAB7|V5VAB7_ACIBA,tr|V5V989|V5V989_ACIBA,0.51416015625
tr|A0A1E3M3T6|A0A1E3M3T6_ACIBA,tr|A0A1E3M813|A0A1E3M813_ACIBA,0.51416015625
tr|A0A1E3M4L3|A0A1E3M4L3_ACIBA,tr|A0A077GIT0|A0A077GIT0_ACIBA,0.51416015625
tr|V5VEU7|V5VEU7_ACIBA,tr|A0A1E3M856|A0A1E3M856_ACIBA,0.51416015625
tr|A0A1E3M1E3|A0A1E3M1E3_ACIBA,tr|V5VBP0|V5VBP0_ACIBA,0.51416015625
tr|A0A1E3M9R5|A0A1E3M9R5_ACIBA,tr|V5VHF8|V5VHF8_ACIBA,0.513671875
tr|V5VG19|V5VG19_ACIBA,tr|V5VG36|V5VG36_ACIBA,0.513671875
tr|A0A059ZM61|A0A059ZM61_ACIBA,tr|A0A1E3M4H2|A0A1E3M4H2_ACIBA,0.513671875
tr|A0A1L5TKL4|A0A1L5TKL4_ACIBA,tr|A0A081H968|A0A081H968_ACIBA,0.513671875
tr|A0A1E3M8J1|A0A1E3M8J1_ACIBA,tr|A0A7U4XAW1|A0A7U4XAW1_ACIBA,0.513671875
tr|A0A059ZQ79|A0A059ZQ79_ACIBA,tr|A0A059ZKX9|A0A059ZKX9_ACIBA,0.513671875
tr|A0A086HX38|A0A086HX38_ACIBA,tr|A0A1E3M6A2|A0A1E3M6A2_ACIBA,0.513671875
tr|A0A0H4U672|A0A0H4U672_ACIBA,tr|V5VIA8|V5VIA8_ACIBA,0.51318359375
tr|A0A1E3M3M8|A0A1E3M3M8_ACIBA,tr|A0A1L5TSX4|A0A1L5TSX4_ACIBA,0.51318359375
tr|A0A059ZGP6|A0A059ZGP6_ACIBA,tr|A0A1E3M5Z6|A0A1E3M5Z6_ACIBA,0.51318359375
tr|A0A7U4X8G2|A0A7U4X8G2_ACIBA,tr|A0A0D5YG92|A0A0D5YG92_ACIBA,0.51318359375
tr|A0A7U4X6I0|A0A7U4X6I0_ACIBA,tr|A0A1E3M741|A0A1E3M741_ACIBA,0.51318359375
tr|A0A1E3M2S8|A0A1E3M2S8_ACIBA,tr|V5VGC7|V5VGC7_ACIBA,0.51318359375
tr|A0A1E3M396|A0A1E3M396_ACIBA,tr|A0A1E3MAU2|A0A1E3MAU2_ACIBA,0.51318359375
tr|A0A088D9H8|A0A088D9H8_ACIBA,tr|A0A0D7T3Q5|A0A0D7T3Q5_ACIBA,0.51318359375
tr|A0A0D5YLM2|A0A0D5YLM2_ACIBA,tr|A0A1E3M898|A0A1E3M898_ACIBA,0.5126953125
tr|V5VHK1|V5VHK1_ACIBA,tr|A0A0G4QSW7|A0A0G4QSW7_ACIBA,0.5126953125
tr|A0A7U4X6I0|A0A7U4X6I0_ACIBA,tr|V5VH14|V5VH14_ACIBA,0.5126953125
tr|A0A1E3M8I3|A0A1E3M8I3_ACIBA,tr|V5VBI8|V5VBI8_ACIBA,0.51220703125
tr|V5VAM5|V5VAM5_ACIBA,tr|A0A059ZUB2|A0A059ZUB2_ACIBA,0.51220703125
tr|V5VAM3|V5VAM3_ACIBA,tr|A0A059ZGV9|A0A059ZGV9_ACIBA,0.51220703125
tr|V5VG19|V5VG19_ACIBA,tr|V5VDT3|V5VDT3_ACIBA,0.51220703125
tr|A0A1E3M2S8|A0A1E3M2S8_ACIBA,tr|A0A059ZUB2|A0A059ZUB2_ACIBA,0.51171875
tr|A0A1E3M6B6|A0A1E3M6B6_ACIBA,tr|A0A059ZUB2|A0A059ZUB2_ACIBA,0.51171875
tr|V5VGG1|V5VGG1_ACIBA,tr|V5VHC9|V5VHC9_ACIBA,0.51171875
tr|A0A5P1UHW3|A0A5P1UHW3_ACIBA,tr|A0A1E3M1R5|A0A1E3M1R5_ACIBA,0.51171875
tr|A0A1E3M2H6|A0A1E3M2H6_ACIBA,tr|A0A0B9W5M8|A0A0B9W5M8_ACIBA,0.51171875
tr|A0A1E3MA13|A0A1E3MA13_ACIBA,tr|A0A077GN97|A0A077GN97_ACIBA,0.51171875
tr|A0A1E3M630|A0A1E3M630_ACIBA,tr|A0A1E3MDG8|A0A1E3MDG8_ACIBA,0.51171875
tr|A0A1E3M8L3|A0A1E3M8L3_ACIBA,tr|A0A0D7SA90|A0A0D7SA90_ACIBA,0.51171875
tr|V5VHI8|V5VHI8_ACIBA,tr|V5V8K0|V5V8K0_ACIBA,0.51123046875
tr|A0A7U4X876|A0A7U4X876_ACIBA,tr|A0A0H4U6W5|A0A0H4U6W5_ACIBA,0.51123046875
tr|A0A077GN97|A0A077GN97_ACIBA,tr|A0A0J8TH59|A0A0J8TH59_ACIBA,0.51123046875
tr|A0A1E3M4C1|A0A1E3M4C1_ACIBA,tr|A0A1E3M5A6|A0A1E3M5A6_ACIBA,0.51123046875
tr|A0A1E3M5M8|A0A1E3M5M8_ACIBA,tr|A0A1E3M8U7|A0A1E3M8U7_ACIBA,0.51123046875
tr|A0A1E3M902|A0A1E3M902_ACIBA,tr|V5VCF7|V5VCF7_ACIBA,0.51123046875
tr|V5VDU5|V5VDU5_ACIBA,tr|V5VH51|V5VH51_ACIBA,0.5107421875
tr|A0A0D5YFB1|A0A0D5YFB1_ACIBA,tr|A0A1E3M3H4|A0A1E3M3H4_ACIBA,0.5107421875
tr|A0A1E3M6B6|A0A1E3M6B6_ACIBA,tr|A0A7U4X5W9|A0A7U4X5W9_ACIBA,0.5107421875
tr|V5V8V2|V5V8V2_ACIBA,tr|A0A059ZHM5|A0A059ZHM5_ACIBA,0.5107421875
tr|A0A059ZKH5|A0A059ZKH5_ACIBA,tr|A0A1E3M772|A0A1E3M772_ACIBA,0.5107421875
tr|V5VBE6|V5VBE6_ACIBA,tr|V5VJF1|V5VJF1_ACIBA,0.5107421875
tr|A0A1E3M3N5|A0A1E3M3N5_ACIBA,tr|A0A1E3M8J2|A0A1E3M8J2_ACIBA,0.5107421875
tr|A0A059ZHE6|A0A059ZHE6_ACIBA,tr|A0A1E3MA06|A0A1E3MA06_ACIBA,0.5107421875
tr|A0A1E3M8J2|A0A1E3M8J2_ACIBA,tr|A0A1L5TSX4|A0A1L5TSX4_ACIBA,0.51025390625
tr|A0A1E3MEE9|A0A1E3MEE9_ACIBA,tr|A0A1E3M8L3|A0A1E3M8L3_ACIBA,0.51025390625
tr|A0A1E3M8J2|A0A1E3M8J2_ACIBA,tr|V5VAY8|V5VAY8_ACIBA,0.51025390625
tr|A0A0D8GKK4|A0A0D8GKK4_ACIBA,tr|A0A335FV52|A0A335FV52_ACIBA,0.51025390625
tr|V5VB41|V5VB41_ACIBA,tr|A0A059ZTE3|A0A059ZTE3_ACIBA,0.51025390625
tr|A0A1E3M7H1|A0A1E3M7H1_ACIBA,tr|A0A1E3M6D6|A0A1E3M6D6_ACIBA,0.51025390625
tr|A0A1E3M5M8|A0A1E3M5M8_ACIBA,tr|A0A0E1JNE9|A0A0E1JNE9_ACIBA,0.51025390625
tr|A0A0H4UB59|A0A0H4UB59_ACIBA,tr|A0A059ZKE5|A0A059ZKE5_ACIBA,0.51025390625
tr|A0A1E3M7F2|A0A1E3M7F2_ACIBA,tr|V5VHJ5|V5VHJ5_ACIBA,0.51025390625
tr|A0A1E3M2N7|A0A1E3M2N7_ACIBA,tr|A0A1E3M653|A0A1E3M653_ACIBA,0.51025390625
tr|A0A098SGG9|A0A098SGG9_ACIBA,tr|A0A077GBU6|A0A077GBU6_ACIBA,0.509765625
tr|A0A059ZUB2|A0A059ZUB2_ACIBA,tr|A0A1E3M5V4|A0A1E3M5V4_ACIBA,0.509765625
tr|A0A1E3M741|A0A1E3M741_ACIBA,tr|V5VGB4|V5VGB4_ACIBA,0.509765625
tr|A0A1E3M3M5|A0A1E3M3M5_ACIBA,tr|V5VG71|V5VG71_ACIBA,0.509765625
tr|A0A059ZND2|A0A059ZND2_ACIBA,tr|V5V9I8|V5V9I8_ACIBA,0.509765625
tr|V5VHH4|V5VHH4_ACIBA,tr|V5V988|V5V988_ACIBA,0.50927734375
tr|A0A0H4UB49|A0A0H4UB49_ACIBA,tr|A0A1E3MB90|A0A1E3MB90_ACIBA,0.50927734375
tr|V5VEB8|V5VEB8_ACIBA,tr|A0A1E3M1T3|A0A1E3M1T3_ACIBA,0.50927734375
tr|A0A1E3M6B0|A0A1E3M6B0_ACIBA,tr|A0A0H4U8G8|A0A0H4U8G8_ACIBA,0.50927734375
tr|A0A059ZKX9|A0A059ZKX9_ACIBA,tr|A0A1E3M7X4|A0A1E3M7X4_ACIBA,0.50927734375
tr|V5VGY0|V5VGY0_ACIBA,tr|A0A1E3M5X4|A0A1E3M5X4_ACIBA,0.50927734375
tr|A0A059ZIX1|A0A059ZIX1_ACIBA,tr|A0A059ZM26|A0A059ZM26_ACIBA,0.50927734375
tr|V5VA62|V5VA62_ACIBA,tr|A0A1E3M3F1|A0A1E3M3F1_ACIBA,0.50927734375
tr|A0A059ZMH7|A0A059ZMH7_ACIBA,tr|A0A1E3M741|A0A1E3M741_ACIBA,0.50927734375
tr|A0A335FV52|A0A335FV52_ACIBA,tr|V5VHM1|V5VHM1_ACIBA,0.50927734375
tr|A0A1E3M3K9|A0A1E3M3K9_ACIBA,tr|A0A1E3MD29|A0A1E3MD29_ACIBA,0.50927734375
tr|A0A5P1UNA0|A0A5P1UNA0_ACIBA,tr|V5VFI2|V5VFI2_ACIBA,0.50927734375
tr|A0A059ZIP4|A0A059ZIP4_ACIBA,tr|V5VGU3|V5VGU3_ACIBA,0.5087890625
tr|A0A1E3M3K9|A0A1E3M3K9_ACIBA,tr|A0A1E3M9H5|A0A1E3M9H5_ACIBA,0.5087890625
tr|V5V9V9|V5V9V9_ACIBA,tr|V5VH86|V5VH86_ACIBA,0.5087890625
tr|V5VA19|V5VA19_ACIBA,tr|V5VAA4|V5VAA4_ACIBA,0.5087890625
tr|V5VG47|V5VG47_ACIBA,tr|A0A0J8WI13|A0A0J8WI13_ACIBA,0.5087890625
tr|A0A1E3M7L2|A0A1E3M7L2_ACIBA,tr|A0A1E3M6I5|A0A1E3M6I5_ACIBA,0.50830078125
tr|A0A1L5TKL4|A0A1L5TKL4_ACIBA,tr|A0A335FV52|A0A335FV52_ACIBA,0.50830078125
tr|A0A077GH01|A0A077GH01_ACIBA,tr|V5VAN7|V5VAN7_ACIBA,0.50830078125
tr|A0A1E3MDG8|A0A1E3MDG8_ACIBA,tr|A0A077GQM3|A0A077GQM3_ACIBA,0.50830078125
tr|A0A1E3M3K3|A0A1E3M3K3_ACIBA,tr|A0A1E3M7H1|A0A1E3M7H1_ACIBA,0.5078125
tr|A0A1E3M404|A0A1E3M404_ACIBA,tr|A0A1L5TS46|A0A1L5TS46_ACIBA,0.5078125
tr|A0A1E3M2R9|A0A1E3M2R9_ACIBA,tr|A0A1E3M630|A0A1E3M630_ACIBA,0.5078125
tr|A0A059ZJD2|A0A059ZJD2_ACIBA,tr|A0A1E3MBD4|A0A1E3MBD4_ACIBA,0.5078125
tr|V5VAY8|V5VAY8_ACIBA,tr|V5V9Y6|V5V9Y6_ACIBA,0.5078125
tr|A0A5P1UH27|A0A5P1UH27_ACIBA,tr|A0A1E3M548|A0A1E3M548_ACIBA,0.5078125
tr|A0A1E3MBY8|A0A1E3MBY8_ACIBA,tr|A0A059ZM61|A0A059ZM61_ACIBA,0.5078125
tr|A0A1E3M3K9|A0A1E3M3K9_ACIBA,tr|A0A7H1P3R6|A0A7H1P3R6_ACIBA,0.50732421875
tr|V5VBV8|V5VBV8_ACIBA,tr|A0A265A9M9|A0A265A9M9_ACIBA,0.50732421875
tr|V5VCX9|V5VCX9_ACIBA,tr|A0A059ZGU8|A0A059ZGU8_ACIBA,0.50732421875
tr|A0A0B9W5M8|A0A0B9W5M8_ACIBA,tr|A0A1E3M2W8|A0A1E3M2W8_ACIBA,0.50732421875
tr|A0A1L5TKL4|A0A1L5TKL4_ACIBA,tr|A0A1E3M5M9|A0A1E3M5M9_ACIBA,0.50732421875
tr|A0A077GTB2|A0A077GTB2_ACIBA,tr|A0A1E3M655|A0A1E3M655_ACIBA,0.50732421875
tr|V5VAY8|V5VAY8_ACIBA,tr|A0A1E3M2P5|A0A1E3M2P5_ACIBA,0.50732421875
tr|V5VC84|V5VC84_ACIBA,tr|V5V926|V5V926_ACIBA,0.50732421875
tr|A0A5P1UHW3|A0A5P1UHW3_ACIBA,tr|V5VBC2|V5VBC2_ACIBA,0.50732421875
tr|V5VDE7|V5VDE7_ACIBA,tr|A0A1E3M596|A0A1E3M596_ACIBA,0.5068359375
tr|A0A059ZGV9|A0A059ZGV9_ACIBA,tr|A0A1E3M4H1|A0A1E3M4H1_ACIBA,0.5068359375
tr|V5VGE4|V5VGE4_ACIBA,tr|A0A1E3M5P3|A0A1E3M5P3_ACIBA,0.5068359375
tr|A0A1E3M9G6|A0A1E3M9G6_ACIBA,tr|A0A7U4X8G2|A0A7U4X8G2_ACIBA,0.5068359375
tr|A0A1E3M707|A0A1E3M707_ACIBA,tr|A0A081H968|A0A081H968_ACIBA,0.50634765625
tr|V5VG19|V5VG19_ACIBA,tr|A0A086I1P8|A0A086I1P8_ACIBA,0.50634765625
tr|A0A081H968|A0A081H968_ACIBA,tr|A0A1E3M7G9|A0A1E3M7G9_ACIBA,0.50634765625
tr|A0A1E3M741|A0A1E3M741_ACIBA,tr|A0A1E3MBF9|A0A1E3MBF9_ACIBA,0.50634765625
tr|V5VIZ3|V5VIZ3_ACIBA,tr|A0A1E3M5S4|A0A1E3M5S4_ACIBA,0.50634765625
tr|A0A077GBU6|A0A077GBU6_ACIBA,tr|A0A1E3MBH2|A0A1E3MBH2_ACIBA,0.50634765625
tr|A0A1E3M4I2|A0A1E3M4I2_ACIBA,tr|A0A1E3M5Y0|A0A1E3M5Y0_ACIBA,0.50634765625
tr|A0A089XXH6|A0A089XXH6_ACIBA,tr|A0A1E3M653|A0A1E3M653_ACIBA,0.50634765625
tr|V5VHK1|V5VHK1_ACIBA,tr|A0A5P1UNA0|A0A5P1UNA0_ACIBA,0.505859375
tr|V5V926|V5V926_ACIBA,tr|A0A1E3M3J3|A0A1E3M3J3_ACIBA,0.505859375
tr|A0A1E3M641|A0A1E3M641_ACIBA,tr|V5VBL5|V5VBL5_ACIBA,0.505859375
tr|A0A0E1FH39|A0A0E1FH39_ACIBA,tr|V5VHU4|V5VHU4_ACIBA,0.505859375
tr|V5VB41|V5VB41_ACIBA,tr|V5VAP2|V5VAP2_ACIBA,0.505859375
tr|A0A1E3M7L9|A0A1E3M7L9_ACIBA,tr|V5VGU3|V5VGU3_ACIBA,0.505859375
tr|A0A0J8VXQ3|A0A0J8VXQ3_ACIBA,tr|A0A0H4UUL7|A0A0H4UUL7_ACIBA,0.505859375
tr|N0A217|N0A217_ACIBA,tr|V5VDM2|V5VDM2_ACIBA,0.505859375
tr|V5VGI5|V5VGI5_ACIBA,tr|A0A059ZPJ4|A0A059ZPJ4_ACIBA,0.505859375
tr|A0A0D8H3S4|A0A0D8H3S4_ACIBA,tr|V5VBC5|V5VBC5_ACIBA,0.505859375
tr|A0A077GHZ9|A0A077GHZ9_ACIBA,tr|V5VH14|V5VH14_ACIBA,0.505859375
tr|V5VFJ3|V5VFJ3_ACIBA,tr|A0A1E3M2L4|A0A1E3M2L4_ACIBA,0.50537109375
tr|A0A1E3M3M8|A0A1E3M3M8_ACIBA,tr|A0A077GQM3|A0A077GQM3_ACIBA,0.50537109375
tr|A0A0H4UEQ2|A0A0H4UEQ2_ACIBA,tr|A0A059ZUB2|A0A059ZUB2_ACIBA,0.50537109375
tr|V5VGL6|V5VGL6_ACIBA,tr|A0A1L5TT03|A0A1L5TT03_ACIBA,0.50537109375
tr|V5VHN7|V5VHN7_ACIBA,tr|A0A1E3M3N6|A0A1E3M3N6_ACIBA,0.50537109375
tr|V5VIJ9|V5VIJ9_ACIBA,tr|A0A1L5TT03|A0A1L5TT03_ACIBA,0.50537109375
tr|A0A059ZGV9|A0A059ZGV9_ACIBA,tr|A0A5P1UDU4|A0A5P1UDU4_ACIBA,0.50537109375
tr|A0A1E3M9X9|A0A1E3M9X9_ACIBA,tr|A0A059ZQ79|A0A059ZQ79_ACIBA,0.5048828125
tr|A0A5P1UJW5|A0A5P1UJW5_ACIBA,tr|A0A059ZUB2|A0A059ZUB2_ACIBA,0.5048828125
tr|A0A5P1UGJ3|A0A5P1UGJ3_ACIBA,tr|A0A7U5A0E0|A0A7U5A0E0_ACIBA,0.5048828125
tr|V5VAY8|V5VAY8_ACIBA,tr|A0A1E3M1T3|A0A1E3M1T3_ACIBA,0.5048828125
tr|V5VF03|V5VF03_ACIBA,tr|A0A1E3M5Y0|A0A1E3M5Y0_ACIBA,0.5048828125
tr|A0A059ZND2|A0A059ZND2_ACIBA,tr|V5VAB5|V5VAB5_ACIBA,0.5048828125
tr|A0A1E3M1Z1|A0A1E3M1Z1_ACIBA,tr|A0A1E3M348|A0A1E3M348_ACIBA,0.5048828125
tr|A0A089XXH6|A0A089XXH6_ACIBA,tr|A0A0D5YKL9|A0A0D5YKL9_ACIBA,0.5048828125
tr|A0A1E3M6Z9|A0A1E3M6Z9_ACIBA,tr|A0A7U4X6S3|A0A7U4X6S3_ACIBA,0.5048828125
tr|A0A7U4X8G2|A0A7U4X8G2_ACIBA,tr|A0A1E3M7H1|A0A1E3M7H1_ACIBA,0.5048828125
tr|V5VC90|V5VC90_ACIBA,tr|V5VBI8|V5VBI8_ACIBA,0.5048828125
tr|A0A059ZEY1|A0A059ZEY1_ACIBA,tr|V5VFW6|V5VFW6_ACIBA,0.5048828125
tr|V5VI45|V5VI45_ACIBA,tr|A0A059ZHD8|A0A059ZHD8_ACIBA,0.50439453125
tr|V5VBL5|V5VBL5_ACIBA,tr|A0A1E3M5M9|A0A1E3M5M9_ACIBA,0.50439453125
tr|A0A1E3MA61|A0A1E3MA61_ACIBA,tr|A0A098SKW8|A0A098SKW8_ACIBA,0.50439453125
tr|V5VA15|V5VA15_ACIBA,tr|A0A1E3M6U2|A0A1E3M6U2_ACIBA,0.50439453125
tr|A0A1E3MDG8|A0A1E3MDG8_ACIBA,tr|A0A1E3M3D6|A0A1E3M3D6_ACIBA,0.50439453125
tr|A0A0G4QSW7|A0A0G4QSW7_ACIBA,tr|A0A0D8GKK4|A0A0D8GKK4_ACIBA,0.50439453125
tr|V5VFW8|V5VFW8_ACIBA,tr|A0A7U4X6S3|A0A7U4X6S3_ACIBA,0.50439453125
tr|A0A077GIT0|A0A077GIT0_ACIBA,tr|A0A0D5YFV8|A0A0D5YFV8_ACIBA,0.50390625
tr|A0A086I1Z7|A0A086I1Z7_ACIBA,tr|A0A1E3M3D6|A0A1E3M3D6_ACIBA,0.50390625
tr|A0A1E3M7T8|A0A1E3M7T8_ACIBA,tr|V5V9C7|V5V9C7_ACIBA,0.50390625
tr|A0A1E3M8F6|A0A1E3M8F6_ACIBA,tr|V5VFV1|V5VFV1_ACIBA,0.50390625
tr|A0A1E3M4J4|A0A1E3M4J4_ACIBA,tr|A0A077GS64|A0A077GS64_ACIBA,0.50390625
tr|A0A1E3MBW2|A0A1E3MBW2_ACIBA,tr|A0A0H4U6W5|A0A0H4U6W5_ACIBA,0.50390625
tr|V5VGR7|V5VGR7_ACIBA,tr|A0A0D8H3S4|A0A0D8H3S4_ACIBA,0.50341796875
sp|P0DPR4|ABAQ_ACIBA,tr|A0A1E3M5M9|A0A1E3M5M9_ACIBA,0.50341796875
tr|A0A059ZPN7|A0A059ZPN7_ACIBA,tr|V5V926|V5V926_ACIBA,0.50341796875
tr|V5VGC7|V5VGC7_ACIBA,tr|A0A7L5THC7|A0A7L5THC7_ACIBA,0.50341796875
tr|A0A1E3M3N7|A0A1E3M3N7_ACIBA,tr|V5VHL8|V5VHL8_ACIBA,0.50341796875
tr|V5VCF7|V5VCF7_ACIBA,tr|V5V8S0|V5V8S0_ACIBA,0.50341796875
tr|V5VAB5|V5VAB5_ACIBA,tr|A0A077GSG7|A0A077GSG7_ACIBA,0.50341796875
tr|A0A1E3MAN9|A0A1E3MAN9_ACIBA,tr|A0A1E3M9X9|A0A1E3M9X9_ACIBA,0.50341796875
tr|A0A1E3M2J2|A0A1E3M2J2_ACIBA,tr|A0A1E3M3P4|A0A1E3M3P4_ACIBA,0.50341796875
tr|V5VHU4|V5VHU4_ACIBA,tr|A0A1E3M653|A0A1E3M653_ACIBA,0.50341796875
tr|V5V961|V5V961_ACIBA,tr|A0A059ZHB5|A0A059ZHB5_ACIBA,0.50341796875
tr|A0A089XXH6|A0A089XXH6_ACIBA,tr|A0A1E3M876|A0A1E3M876_ACIBA,0.50341796875
tr|A0A1E3MA15|A0A1E3MA15_ACIBA,tr|A0A1E3M6I5|A0A1E3M6I5_ACIBA,0.5029296875
tr|A0A5P1UNA0|A0A5P1UNA0_ACIBA,tr|A0A0D5YKL9|A0A0D5YKL9_ACIBA,0.5029296875
tr|V5V8G9|V5V8G9_ACIBA,tr|A0A0E1FH39|A0A0E1FH39_ACIBA,0.5029296875
tr|V5VH86|V5VH86_ACIBA,tr|V5VGK1|V5VGK1_ACIBA,0.5029296875
tr|A0A5P1UJW5|A0A5P1UJW5_ACIBA,tr|A0A1E3M1R5|A0A1E3M1R5_ACIBA,0.5029296875
tr|A0A1E3MA55|A0A1E3MA55_ACIBA,tr|A0A1L5TT24|A0A1L5TT24_ACIBA,0.50244140625
tr|V5VAX2|V5VAX2_ACIBA,tr|V5VGU3|V5VGU3_ACIBA,0.50244140625
tr|V5VH78|V5VH78_ACIBA,tr|V5V9C7|V5V9C7_ACIBA,0.50244140625
tr|A0A0H4U8G3|A0A0H4U8G3_ACIBA,tr|A0A1E3M908|A0A1E3M908_ACIBA,0.50244140625
tr|A0A1V3D8R1|A0A1V3D8R1_ACIBA,tr|V5VCD9|V5VCD9_ACIBA,0.50244140625
tr|A0A059ZR53|A0A059ZR53_ACIBA,tr|A0A5P1UF67|A0A5P1UF67_ACIBA,0.50244140625
tr|A0A090B9I7|A0A090B9I7_ACIBA,tr|V5VD32|V5VD32_ACIBA,0.50244140625
tr|A0A0Q1LLS3|A0A0Q1LLS3_ACIBA,tr|A0A1E3M5Y0|A0A1E3M5Y0_ACIBA,0.50244140625
tr|A0A090B9I7|A0A090B9I7_ACIBA,tr|V5VHR7|V5VHR7_ACIBA,0.50244140625
sp|P0DPR4|ABAQ_ACIBA,tr|A0A0D5YKL9|A0A0D5YKL9_ACIBA,0.501953125
tr|A0A081GZ55|A0A081GZ55_ACIBA,tr|V5VBK5|V5VBK5_ACIBA,0.501953125
tr|A0A1E3M2K0|A0A1E3M2K0_ACIBA,tr|A0A1E3M581|A0A1E3M581_ACIBA,0.501953125
tr|V5VIH3|V5VIH3_ACIBA,tr|V5VAP2|V5VAP2_ACIBA,0.501953125
tr|A0A0E1FM87|A0A0E1FM87_ACIBA,tr|A0A1E3M8A1|A0A1E3M8A1_ACIBA,0.501953125
tr|V5VH33|V5VH33_ACIBA,tr|V5V9C7|V5V9C7_ACIBA,0.501953125
tr|V5VHG0|V5VHG0_ACIBA,tr|V5VHQ6|V5VHQ6_ACIBA,0.501953125
tr|A0A1E3MBL0|A0A1E3MBL0_ACIBA,tr|A0A5P1UE88|A0A5P1UE88_ACIBA,0.501953125
tr|A0A1E3M4J4|A0A1E3M4J4_ACIBA,tr|A0A7U4XC65|A0A7U4XC65_ACIBA,0.50146484375
tr|A0A1E3M2K9|A0A1E3M2K9_ACIBA,tr|A0A1E3M5M9|A0A1E3M5M9_ACIBA,0.50146484375
tr|A0A1E3M991|A0A1E3M991_ACIBA,tr|A0A1E3M630|A0A1E3M630_ACIBA,0.50146484375
tr|V5VGC7|V5VGC7_ACIBA,tr|A0A086HW22|A0A086HW22_ACIBA,0.50146484375
tr|V5VHN5|V5VHN5_ACIBA,tr|A0A059ZHT8|A0A059ZHT8_ACIBA,0.50146484375
tr|A0A086I1Z7|A0A086I1Z7_ACIBA,tr|A0A084XPW4|A0A084XPW4_ACIBA,0.50146484375
tr|A0A1E3M685|A0A1E3M685_ACIBA,tr|A0A059ZJS0|A0A059ZJS0_ACIBA,0.50146484375
tr|A0A1E3M5K2|A0A1E3M5K2_ACIBA,tr|A0A1E3M659|A0A1E3M659_ACIBA,0.50146484375
tr|V5VAS0|V5VAS0_ACIBA,tr|V5VFI2|V5VFI2_ACIBA,0.50146484375
tr|A0A086HXI4|A0A086HXI4_ACIBA,tr|A0A059ZND2|A0A059ZND2_ACIBA,0.50146484375
tr|A0A077GI86|A0A077GI86_ACIBA,tr|A0A1E3MBF9|A0A1E3MBF9_ACIBA,0.50146484375
tr|A0A059ZGV9|A0A059ZGV9_ACIBA,tr|A0A1E3MA13|A0A1E3MA13_ACIBA,0.50146484375
tr|V5VDU0|V5VDU0_ACIBA,tr|V5VF95|V5VF95_ACIBA,0.50146484375
tr|V5VCD7|V5VCD7_ACIBA,tr|V5VG24|V5VG24_ACIBA,0.5009765625
tr|V5VDE7|V5VDE7_ACIBA,tr|A0A241ZFM7|A0A241ZFM7_ACIBA,0.5009765625
tr|A0A077GDY5|A0A077GDY5_ACIBA,tr|A0A1E3M8I3|A0A1E3M8I3_ACIBA,0.5009765625
tr|V5VBA5|V5VBA5_ACIBA,tr|A0A5P1UI52|A0A5P1UI52_ACIBA,0.5009765625
tr|A0A1E3M772|A0A1E3M772_ACIBA,tr|A0A7U4X6I2|A0A7U4X6I2_ACIBA,0.5009765625
tr|V5VBC3|V5VBC3_ACIBA,tr|V5VAY8|V5VAY8_ACIBA,0.5009765625
tr|A0A1E3MBY8|A0A1E3MBY8_ACIBA,tr|A0A1E3M252|A0A1E3M252_ACIBA,0.5009765625
tr|A0A1E3M707|A0A1E3M707_ACIBA,tr|A0A0D5YKL9|A0A0D5YKL9_ACIBA,0.5009765625
tr|A0A1E3M741|A0A1E3M741_ACIBA,tr|A0A0H4UWN7|A0A0H4UWN7_ACIBA,0.5009765625
tr|A0A0G4QPN7|A0A0G4QPN7_ACIBA,tr|A0A1E3M836|A0A1E3M836_ACIBA,0.5009765625
tr|V5V8G9|V5V8G9_ACIBA,tr|A0A1E3M9S6|A0A1E3M9S6_ACIBA,0.5009765625
tr|A0A059ZGV9|A0A059ZGV9_ACIBA,tr|A0A081H4N6|A0A081H4N6_ACIBA,0.50048828125
tr|V5VH86|V5VH86_ACIBA,tr|V5V9F2|V5V9F2_ACIBA,0.50048828125
tr|A0A1L5TM91|A0A1L5TM91_ACIBA,tr|A0A0H4U8G8|A0A0H4U8G8_ACIBA,0.50048828125
tr|A0A086HW27|A0A086HW27_ACIBA,tr|A0A059ZGV9|A0A059ZGV9_ACIBA,0.50048828125
tr|V5VGM8|V5VGM8_ACIBA,tr|V5VDM2|V5VDM2_ACIBA,0.50048828125
tr|A0A5P1UJW5|A0A5P1UJW5_ACIBA,tr|A0A0B9W5M8|A0A0B9W5M8_ACIBA,0.50048828125
tr|V5VA26|V5VA26_ACIBA,tr|V5VG19|V5VG19_ACIBA,0.50048828125
tr|V5VCD9|V5VCD9_ACIBA,tr|A0A0E1JI29|A0A0E1JI29_ACIBA,0.50048828125
tr|A0A059ZK79|A0A059ZK79_ACIBA,tr|A0A1E3M244|A0A1E3M244_ACIBA,0.50048828125
